RefSchema;ReferencingObject;ReferencingType;ReferencedSchema;ReferencedObject;ReferencedDatabase;ReferencedServer;Module
dbo;Account_YearEnd;SQL_STORED_PROCEDURE;dbo;Account_Accounts;NULL;NULL;Account
dbo;Account_YearEnd;SQL_STORED_PROCEDURE;dbo;Account_CostCenters;NULL;NULL;Account
dbo;Account_YearEnd;SQL_STORED_PROCEDURE;dbo;Account_Receipts;NULL;NULL;Account
dbo;Account_YearEnd;SQL_STORED_PROCEDURE;dbo;Account_ReceiptsDetails;NULL;NULL;Account
dbo;Account_YearEnd;SQL_STORED_PROCEDURE;dbo;AccountYearEndClosing;NULL;NULL;Account
dbo;Account_YearEnd;SQL_STORED_PROCEDURE;dbo;AccountYearEndClosing_credit;NULL;NULL;Account
dbo;Account_YearEnd;SQL_STORED_PROCEDURE;dbo;AddTemp_Budget;NULL;NULL;Account
dbo;Account_YearEnd;SQL_STORED_PROCEDURE;dbo;Contract_Contract;NULL;NULL;Account
dbo;Account_YearEnd;SQL_STORED_PROCEDURE;dbo;Contract_ContractDetails;NULL;NULL;Account
dbo;Account_YearEnd;SQL_STORED_PROCEDURE;dbo;Contract_Guarantee;NULL;NULL;Account
dbo;Account_YearEnd;SQL_STORED_PROCEDURE;dbo;Contract_GuaranteeDetails;NULL;NULL;Account
dbo;Account_YearEnd;SQL_STORED_PROCEDURE;dbo;Contract_Store;NULL;NULL;Account
dbo;Account_YearEnd;SQL_STORED_PROCEDURE;dbo;DatePart;NULL;NULL;Account
dbo;Account_YearEnd;SQL_STORED_PROCEDURE;dbo;Emp_Payroll;NULL;NULL;Account
dbo;Account_YearEnd;SQL_STORED_PROCEDURE;dbo;Emp_PayrollDetails;NULL;NULL;Account
dbo;Account_YearEnd;SQL_STORED_PROCEDURE;dbo;Emp_PayrollTemp;NULL;NULL;Account
dbo;Account_YearEnd;SQL_STORED_PROCEDURE;dbo;GetBeginningInventoryID;NULL;NULL;Account
dbo;Account_YearEnd;SQL_STORED_PROCEDURE;dbo;GetCapitalAccountID;NULL;NULL;Account
dbo;Account_YearEnd;SQL_STORED_PROCEDURE;dbo;GetEndingInventoryID;NULL;NULL;Account
dbo;Account_YearEnd;SQL_STORED_PROCEDURE;dbo;GetProfitAndLossID;NULL;NULL;Account
dbo;Account_YearEnd;SQL_STORED_PROCEDURE;dbo;Order_CheckoutOrders;NULL;NULL;Account
dbo;Account_YearEnd;SQL_STORED_PROCEDURE;dbo;Order_CheckoutOrdersDetails;NULL;NULL;Account
dbo;Account_YearEnd;SQL_STORED_PROCEDURE;dbo;Order_InventorySettlementMinus;NULL;NULL;Account
dbo;Account_YearEnd;SQL_STORED_PROCEDURE;dbo;Order_InventorySettlementMinusDetails;NULL;NULL;Account
dbo;Account_YearEnd;SQL_STORED_PROCEDURE;dbo;Order_Manufacturing;NULL;NULL;Account
dbo;Account_YearEnd;SQL_STORED_PROCEDURE;dbo;Order_ManufacturingDetailsItems;NULL;NULL;Account
dbo;Account_YearEnd;SQL_STORED_PROCEDURE;dbo;Order_ManufacturingDetailsNew;NULL;NULL;Account
dbo;Account_YearEnd;SQL_STORED_PROCEDURE;dbo;Order_ManufacturingOrder;NULL;NULL;Account
dbo;Account_YearEnd;SQL_STORED_PROCEDURE;dbo;Order_ManufacturingOrderDetails;NULL;NULL;Account
dbo;Account_YearEnd;SQL_STORED_PROCEDURE;dbo;Order_OpenQuantity;NULL;NULL;Account
dbo;Account_YearEnd;SQL_STORED_PROCEDURE;dbo;Order_OpenQuantityDetails;NULL;NULL;Account
dbo;Account_YearEnd;SQL_STORED_PROCEDURE;dbo;Order_OrderReturn;NULL;NULL;Account
dbo;Account_YearEnd;SQL_STORED_PROCEDURE;dbo;Order_OrderReturnDetails;NULL;NULL;Account
dbo;Account_YearEnd;SQL_STORED_PROCEDURE;dbo;Order_Orders;NULL;NULL;Account
dbo;Account_YearEnd;SQL_STORED_PROCEDURE;dbo;Order_OrdersDetails;NULL;NULL;Account
dbo;Account_YearEnd;SQL_STORED_PROCEDURE;dbo;Order_PaymentItem;NULL;NULL;Account
dbo;Account_YearEnd;SQL_STORED_PROCEDURE;dbo;Order_PaymentItemDetails;NULL;NULL;Account
dbo;Account_YearEnd;SQL_STORED_PROCEDURE;dbo;Order_PriceOffer;NULL;NULL;Account
dbo;Account_YearEnd;SQL_STORED_PROCEDURE;dbo;Order_PriceOfferDetails;NULL;NULL;Account
dbo;Account_YearEnd;SQL_STORED_PROCEDURE;dbo;Order_Purchases;NULL;NULL;Account
dbo;Account_YearEnd;SQL_STORED_PROCEDURE;dbo;Order_PurchasesDetails;NULL;NULL;Account
dbo;Account_YearEnd;SQL_STORED_PROCEDURE;dbo;Order_PurchasesOrder;NULL;NULL;Account
dbo;Account_YearEnd;SQL_STORED_PROCEDURE;dbo;Order_PurchasesOrderDetails;NULL;NULL;Account
dbo;Account_YearEnd;SQL_STORED_PROCEDURE;dbo;Order_PurchasesReturn;NULL;NULL;Account
dbo;Account_YearEnd;SQL_STORED_PROCEDURE;dbo;Order_PurchasesReturnDetails;NULL;NULL;Account
dbo;Account_YearEnd;SQL_STORED_PROCEDURE;dbo;Order_StoreTransfer;NULL;NULL;Account
dbo;Account_YearEnd;SQL_STORED_PROCEDURE;dbo;Order_StoreTransferDetails;NULL;NULL;Account
dbo;Account_YearEnd;SQL_STORED_PROCEDURE;dbo;Order_TransferFromBranch;NULL;NULL;Account
dbo;Account_YearEnd;SQL_STORED_PROCEDURE;dbo;Order_TransferFromBranchDetails;NULL;NULL;Account
dbo;Account_YearEnd;SQL_STORED_PROCEDURE;dbo;Order_TransferToBranch;NULL;NULL;Account
dbo;Account_YearEnd;SQL_STORED_PROCEDURE;dbo;Order_TransferToBranchDetails;NULL;NULL;Account
dbo;Account_YearEnd;SQL_STORED_PROCEDURE;dbo;OrderDalala_Dalala;NULL;NULL;Account
dbo;Account_YearEnd;SQL_STORED_PROCEDURE;dbo;OrderDalala_DalalaDetails;NULL;NULL;Account
dbo;Account_YearEnd;SQL_STORED_PROCEDURE;dbo;OrderDalala_Sending;NULL;NULL;Account
dbo;Account_YearEnd;SQL_STORED_PROCEDURE;dbo;OrderDalala_SendingDetails;NULL;NULL;Account
dbo;Account_YearEnd;SQL_STORED_PROCEDURE;dbo;OrderRent_Recipt;NULL;NULL;Account
dbo;Account_YearEnd;SQL_STORED_PROCEDURE;dbo;OrderRent_RecpitDetails;NULL;NULL;Account
dbo;Account_YearEnd;SQL_STORED_PROCEDURE;dbo;OrderRent_Rent;NULL;NULL;Account
dbo;Account_YearEnd;SQL_STORED_PROCEDURE;dbo;OrderRent_RentDetails;NULL;NULL;Account
dbo;Account_YearEnd;SQL_STORED_PROCEDURE;dbo;Restaurant_Delivery;NULL;NULL;Account
dbo;Account_YearEnd;SQL_STORED_PROCEDURE;dbo;Restaurant_Room;NULL;NULL;Account
dbo;Account_YearEnd;SQL_STORED_PROCEDURE;dbo;Restaurant_Table;NULL;NULL;Account
dbo;Account_YearEnd;SQL_STORED_PROCEDURE;dbo;Tran_Tran;NULL;NULL;Account
dbo;Account_YearEnd;SQL_STORED_PROCEDURE;dbo;Tran_TranDetails;NULL;NULL;Account
dbo;Account_YearEnd;SQL_STORED_PROCEDURE;dbo;Tran_TranTemp;NULL;NULL;Account
dbo;Account_YearEnd;SQL_STORED_PROCEDURE;dbo;Tran_TranTempDetails;NULL;NULL;Account
dbo;Account_YearEnd;SQL_STORED_PROCEDURE;dbo;User_DayClose;NULL;NULL;Account
dbo;Account_YearEnd;SQL_STORED_PROCEDURE;dbo;User_Login;NULL;NULL;Account
dbo;Account_YearEnd;SQL_STORED_PROCEDURE;dbo;View_AccountYearEndClosing_Debit;NULL;NULL;Account
dbo;Account_YearEnd;SQL_STORED_PROCEDURE;dbo;View_New_CostCenter;NULL;NULL;Account
dbo;Account_YearEnd;SQL_STORED_PROCEDURE;dbo;View_Temp_Acc_Budget;NULL;NULL;Account
dbo;AccountCharge;SQL_STORED_PROCEDURE;dbo;Account_Accounts;NULL;NULL;Account
dbo;AccountCharge;SQL_STORED_PROCEDURE;dbo;Tran_TranDetails;NULL;NULL;Account
dbo;AccountYearEndClosing_credit;VIEW;dbo;AccountYearEndClosing;NULL;NULL;Account
dbo;AddTemp_Budget;SQL_STORED_PROCEDURE;dbo;Account_Accounts;NULL;NULL;AddTemp
dbo;AddTemp_Budget;SQL_STORED_PROCEDURE;dbo;Account_DefualtAccount2;NULL;NULL;AddTemp
dbo;AddTemp_Budget;SQL_STORED_PROCEDURE;dbo;Get_AccountBalnceCredit;NULL;NULL;AddTemp
dbo;AddTemp_Budget;SQL_STORED_PROCEDURE;dbo;Get_AccountBalnceDebit;NULL;NULL;AddTemp
dbo;AddTemp_Budget;SQL_STORED_PROCEDURE;dbo;Get_Currency_Dividing;NULL;NULL;AddTemp
dbo;AddTemp_Budget;SQL_STORED_PROCEDURE;dbo;ProfitAndLoss;NULL;NULL;AddTemp
dbo;AddTemp_Budget;SQL_STORED_PROCEDURE;dbo;RoundDividingData;NULL;NULL;AddTemp
dbo;AddTemp_Budget;SQL_STORED_PROCEDURE;dbo;SetBudgetBalanceFirst;NULL;NULL;AddTemp
dbo;AddTemp_Budget;SQL_STORED_PROCEDURE;dbo;SetBudgetBalanceLast;NULL;NULL;AddTemp
dbo;AddTemp_Budget;SQL_STORED_PROCEDURE;dbo;SetBudgetBalanceMiddle;NULL;NULL;AddTemp
dbo;AddTemp_Budget;SQL_STORED_PROCEDURE;dbo;Subtraction;NULL;NULL;AddTemp
dbo;AddTemp_Budget;SQL_STORED_PROCEDURE;dbo;TempBudget;NULL;NULL;AddTemp
dbo;AddTemp_Budget;SQL_STORED_PROCEDURE;dbo;TempTranMaterDetails;NULL;NULL;AddTemp
dbo;AddTemp_Budget;SQL_STORED_PROCEDURE;dbo;TempTranMaterDetails;NULL;NULL;AddTemp
dbo;AddTemp_Budget;SQL_STORED_PROCEDURE;dbo;View_Budget_AccountsDataFun;NULL;NULL;AddTemp
dbo;AddTemp_Budget;SQL_STORED_PROCEDURE;dbo;ViewTranMaterDetails;NULL;NULL;AddTemp
dbo;AddTemp_BudgetAllBranch;SQL_STORED_PROCEDURE;dbo;Account_Accounts;NULL;NULL;AddTemp
dbo;AddTemp_BudgetAllBranch;SQL_STORED_PROCEDURE;dbo;Account_DefualtAccount2;NULL;NULL;AddTemp
dbo;AddTemp_BudgetAllBranch;SQL_STORED_PROCEDURE;dbo;Get_AccountBalnceCreditALL;NULL;NULL;AddTemp
dbo;AddTemp_BudgetAllBranch;SQL_STORED_PROCEDURE;dbo;Get_AccountBalnceDebitALL;NULL;NULL;AddTemp
dbo;AddTemp_BudgetAllBranch;SQL_STORED_PROCEDURE;dbo;Get_Currency_Dividing;NULL;NULL;AddTemp
dbo;AddTemp_BudgetAllBranch;SQL_STORED_PROCEDURE;dbo;ProfitAndLossAll;NULL;NULL;AddTemp
dbo;AddTemp_BudgetAllBranch;SQL_STORED_PROCEDURE;dbo;RoundDividingData;NULL;NULL;AddTemp
dbo;AddTemp_BudgetAllBranch;SQL_STORED_PROCEDURE;dbo;SetBudgetBalanceFirstAll;NULL;NULL;AddTemp
dbo;AddTemp_BudgetAllBranch;SQL_STORED_PROCEDURE;dbo;SetBudgetBalanceLastAll;NULL;NULL;AddTemp
dbo;AddTemp_BudgetAllBranch;SQL_STORED_PROCEDURE;dbo;SetBudgetBalanceMiddleAll;NULL;NULL;AddTemp
dbo;AddTemp_BudgetAllBranch;SQL_STORED_PROCEDURE;dbo;Subtraction;NULL;NULL;AddTemp
dbo;AddTemp_BudgetAllBranch;SQL_STORED_PROCEDURE;dbo;TempBudget;NULL;NULL;AddTemp
dbo;AddTemp_BudgetAllBranch;SQL_STORED_PROCEDURE;dbo;TempTranMaterDetails;NULL;NULL;AddTemp
dbo;AddTemp_BudgetAllBranch;SQL_STORED_PROCEDURE;dbo;TempTranMaterDetails;NULL;NULL;AddTemp
dbo;AddTemp_BudgetAllBranch;SQL_STORED_PROCEDURE;dbo;View_Budget_AccountsDataFunAll;NULL;NULL;AddTemp
dbo;AddTemp_BudgetAllBranch;SQL_STORED_PROCEDURE;dbo;ViewTranMaterDetails;NULL;NULL;AddTemp
dbo;AddTempAgeingAnalysis;SQL_STORED_PROCEDURE;dbo;Account_Accounts;NULL;NULL;AddTempAgeingAnalysis
dbo;AddTempAgeingAnalysis;SQL_STORED_PROCEDURE;dbo;DatePart;NULL;NULL;AddTempAgeingAnalysis
dbo;AddTempAgeingAnalysis;SQL_STORED_PROCEDURE;dbo;Temp_Accounts;NULL;NULL;AddTempAgeingAnalysis
dbo;AddTempAgeingAnalysis;SQL_STORED_PROCEDURE;dbo;TempAgeingAnalysis;NULL;NULL;AddTempAgeingAnalysis
dbo;AddTempAgeingAnalysis;SQL_STORED_PROCEDURE;dbo;Tran_TranDetails;NULL;NULL;AddTempAgeingAnalysis
dbo;AddTempAgeingAnalysis;SQL_STORED_PROCEDURE;dbo;ViewTranMaterDetails;NULL;NULL;AddTempAgeingAnalysis
dbo;AddTempTranMaterDetails;SQL_STORED_PROCEDURE;dbo;Account_Accounts;NULL;NULL;AddTempTranMaterDetails
dbo;AddTempTranMaterDetails;SQL_STORED_PROCEDURE;dbo;DatePart;NULL;NULL;AddTempTranMaterDetails
dbo;AddTempTranMaterDetails;SQL_STORED_PROCEDURE;dbo;GetViewPrivtCreditBalance;NULL;NULL;AddTempTranMaterDetails
dbo;AddTempTranMaterDetails;SQL_STORED_PROCEDURE;dbo;GetViewPrivtDebitBalance;NULL;NULL;AddTempTranMaterDetails
dbo;AddTempTranMaterDetails;SQL_STORED_PROCEDURE;dbo;RoundDividingData;NULL;NULL;AddTempTranMaterDetails
dbo;AddTempTranMaterDetails;SQL_STORED_PROCEDURE;dbo;Subtraction;NULL;NULL;AddTempTranMaterDetails
dbo;AddTempTranMaterDetails;SQL_STORED_PROCEDURE;dbo;TempTranMaterDetails;NULL;NULL;AddTempTranMaterDetails
dbo;AddTempTranMaterDetails;SQL_STORED_PROCEDURE;dbo;TempTranMaterDetails;NULL;NULL;AddTempTranMaterDetails
dbo;AddTempTranMaterDetails;SQL_STORED_PROCEDURE;dbo;ViewTranMaterDetails;NULL;NULL;AddTempTranMaterDetails
dbo;AddTempTrialBalance_New;SQL_STORED_PROCEDURE;dbo;Account_Accounts;NULL;NULL;AddTempTrialBalance
dbo;AddTempTrialBalance_New;SQL_STORED_PROCEDURE;dbo;DatePart;NULL;NULL;AddTempTrialBalance
dbo;AddTempTrialBalance_New;SQL_STORED_PROCEDURE;dbo;Get_Currency_Dividing;NULL;NULL;AddTempTrialBalance
dbo;AddTempTrialBalance_New;SQL_STORED_PROCEDURE;dbo;RoundDividingData;NULL;NULL;AddTempTrialBalance
dbo;AddTempTrialBalance_New;SQL_STORED_PROCEDURE;dbo;Subtraction;NULL;NULL;AddTempTrialBalance
dbo;AddTempTrialBalance_New;SQL_STORED_PROCEDURE;dbo;TempTranMaterDetails;NULL;NULL;AddTempTrialBalance
dbo;AddTempTrialBalance_New;SQL_STORED_PROCEDURE;dbo;ViewTranMaterDetails;NULL;NULL;AddTempTrialBalance
dbo;AddTempTrialBalanceByTotal;SQL_STORED_PROCEDURE;dbo;Account_Accounts;NULL;NULL;AddTempTrialBalanceByTotal
dbo;AddTempTrialBalanceByTotal;SQL_STORED_PROCEDURE;dbo;DatePart;NULL;NULL;AddTempTrialBalanceByTotal
dbo;AddTempTrialBalanceByTotal;SQL_STORED_PROCEDURE;dbo;GetTrialBalance;NULL;NULL;AddTempTrialBalanceByTotal
dbo;AddTempTrialBalanceByTotal;SQL_STORED_PROCEDURE;dbo;RoundDividingData;NULL;NULL;AddTempTrialBalanceByTotal
dbo;AddTempTrialBalanceByTotal;SQL_STORED_PROCEDURE;dbo;Subtraction;NULL;NULL;AddTempTrialBalanceByTotal
dbo;AddTempTrialBalanceByTotal;SQL_STORED_PROCEDURE;dbo;TempTranMaterDetails;NULL;NULL;AddTempTrialBalanceByTotal
dbo;AddTempTrialBalanceByTotal;SQL_STORED_PROCEDURE;dbo;TempTrialBalanceByTotal;NULL;NULL;AddTempTrialBalanceByTotal
dbo;AddTempTrialBalanceByTotal;SQL_STORED_PROCEDURE;dbo;TempTrialBalanceByTotal;NULL;NULL;AddTempTrialBalanceByTotal
dbo;AddTempTrialBalanceByTotal;SQL_STORED_PROCEDURE;dbo;View_TrialBalanceByTotal;NULL;NULL;AddTempTrialBalanceByTotal
dbo;AddTempTrialBalanceByTotal;SQL_STORED_PROCEDURE;dbo;ViewTranMaterDetails;NULL;NULL;AddTempTrialBalanceByTotal
dbo;api_CategoriesGetAllGategories;SQL_STORED_PROCEDURE;dbo;Item_Groups;NULL;NULL;api
dbo;api_Get_RoomDetails;SQL_STORED_PROCEDURE;dbo;Print_Order_OrdersAfterReturn;NULL;NULL;api
dbo;api_Get_RoomDetails;SQL_STORED_PROCEDURE;dbo;Restaurant_Room;NULL;NULL;api
dbo;api_Get_TableDetails;SQL_STORED_PROCEDURE;dbo;Print_Order_OrdersAfterReturn;NULL;NULL;api
dbo;api_Get_TableDetails;SQL_STORED_PROCEDURE;dbo;Restaurant_Table;NULL;NULL;api
dbo;api_GetAllBranches;SQL_STORED_PROCEDURE;dbo;Account_Branch;NULL;NULL;api
dbo;api_GetAllItemsByGategories;SQL_STORED_PROCEDURE;dbo;Item_Items;NULL;NULL;api
dbo;api_GetAllRestaurant_Room;SQL_STORED_PROCEDURE;dbo;Restaurant_Room;NULL;NULL;api
dbo;api_GetAllRestaurant_RoomByPause;SQL_STORED_PROCEDURE;dbo;Restaurant_Room;NULL;NULL;api
dbo;api_GetAllRestaurant_Table;SQL_STORED_PROCEDURE;dbo;Restaurant_Table;NULL;NULL;api
dbo;api_GetAllRestaurant_TableByPause;SQL_STORED_PROCEDURE;dbo;Restaurant_Table;NULL;NULL;api
dbo;api_Login;SQL_STORED_PROCEDURE;dbo;User_Login;NULL;NULL;api
dbo;App_FiscalYearState;USER_TABLE;dbo;App_FiscalYearState;NULL;NULL;App
dbo;ClearDB;SQL_STORED_PROCEDURE;dbo;Account_Accounts;NULL;NULL;ClearDB
dbo;ClearDB;SQL_STORED_PROCEDURE;dbo;Account_Receipts;NULL;NULL;ClearDB
dbo;ClearDB;SQL_STORED_PROCEDURE;dbo;Account_ReceiptsDetails;NULL;NULL;ClearDB
dbo;ClearDB;SQL_STORED_PROCEDURE;dbo;Car_Receive;NULL;NULL;ClearDB
dbo;ClearDB;SQL_STORED_PROCEDURE;dbo;Contract_Contract;NULL;NULL;ClearDB
dbo;ClearDB;SQL_STORED_PROCEDURE;dbo;Contract_ContractDetails;NULL;NULL;ClearDB
dbo;ClearDB;SQL_STORED_PROCEDURE;dbo;Contract_Guarantee;NULL;NULL;ClearDB
dbo;ClearDB;SQL_STORED_PROCEDURE;dbo;Contract_GuaranteeDetails;NULL;NULL;ClearDB
dbo;ClearDB;SQL_STORED_PROCEDURE;dbo;Contract_Store;NULL;NULL;ClearDB
dbo;ClearDB;SQL_STORED_PROCEDURE;dbo;Emp_Payroll;NULL;NULL;ClearDB
dbo;ClearDB;SQL_STORED_PROCEDURE;dbo;Emp_PayrollDetails;NULL;NULL;ClearDB
dbo;ClearDB;SQL_STORED_PROCEDURE;dbo;Emp_PayrollTemp;NULL;NULL;ClearDB
dbo;ClearDB;SQL_STORED_PROCEDURE;dbo;Emp_PayrollTempDetails;NULL;NULL;ClearDB
dbo;ClearDB;SQL_STORED_PROCEDURE;dbo;ItemQuantity;NULL;NULL;ClearDB
dbo;ClearDB;SQL_STORED_PROCEDURE;dbo;Order_CheckoutOrders;NULL;NULL;ClearDB
dbo;ClearDB;SQL_STORED_PROCEDURE;dbo;Order_CheckoutOrdersDetails;NULL;NULL;ClearDB
dbo;ClearDB;SQL_STORED_PROCEDURE;dbo;Order_Gard;NULL;NULL;ClearDB
dbo;ClearDB;SQL_STORED_PROCEDURE;dbo;Order_GardDetails;NULL;NULL;ClearDB
dbo;ClearDB;SQL_STORED_PROCEDURE;dbo;Order_InventorySettlementMinus;NULL;NULL;ClearDB
dbo;ClearDB;SQL_STORED_PROCEDURE;dbo;Order_InventorySettlementMinusDetails;NULL;NULL;ClearDB
dbo;ClearDB;SQL_STORED_PROCEDURE;dbo;Order_Manufacturing;NULL;NULL;ClearDB
dbo;ClearDB;SQL_STORED_PROCEDURE;dbo;Order_ManufacturingDetailsItems;NULL;NULL;ClearDB
dbo;ClearDB;SQL_STORED_PROCEDURE;dbo;Order_ManufacturingDetailsNew;NULL;NULL;ClearDB
dbo;ClearDB;SQL_STORED_PROCEDURE;dbo;Order_ManufacturingOrder;NULL;NULL;ClearDB
dbo;ClearDB;SQL_STORED_PROCEDURE;dbo;Order_ManufacturingOrderDetails;NULL;NULL;ClearDB
dbo;ClearDB;SQL_STORED_PROCEDURE;dbo;Order_OpenQuantity;NULL;NULL;ClearDB
dbo;ClearDB;SQL_STORED_PROCEDURE;dbo;Order_OpenQuantityDetails;NULL;NULL;ClearDB
dbo;ClearDB;SQL_STORED_PROCEDURE;dbo;Order_OrderReturn;NULL;NULL;ClearDB
dbo;ClearDB;SQL_STORED_PROCEDURE;dbo;Order_OrderReturnDetails;NULL;NULL;ClearDB
dbo;ClearDB;SQL_STORED_PROCEDURE;dbo;Order_Orders;NULL;NULL;ClearDB
dbo;ClearDB;SQL_STORED_PROCEDURE;dbo;Order_OrdersDetails;NULL;NULL;ClearDB
dbo;ClearDB;SQL_STORED_PROCEDURE;dbo;Order_PaymentItem;NULL;NULL;ClearDB
dbo;ClearDB;SQL_STORED_PROCEDURE;dbo;Order_PaymentItemDetails;NULL;NULL;ClearDB
dbo;ClearDB;SQL_STORED_PROCEDURE;dbo;Order_PriceOffer;NULL;NULL;ClearDB
dbo;ClearDB;SQL_STORED_PROCEDURE;dbo;Order_PriceOfferDetails;NULL;NULL;ClearDB
dbo;ClearDB;SQL_STORED_PROCEDURE;dbo;Order_Purchases;NULL;NULL;ClearDB
dbo;ClearDB;SQL_STORED_PROCEDURE;dbo;Order_PurchasesDetails;NULL;NULL;ClearDB
dbo;ClearDB;SQL_STORED_PROCEDURE;dbo;Order_PurchasesOrder;NULL;NULL;ClearDB
dbo;ClearDB;SQL_STORED_PROCEDURE;dbo;Order_PurchasesOrderDetails;NULL;NULL;ClearDB
dbo;ClearDB;SQL_STORED_PROCEDURE;dbo;Order_PurchasesReturn;NULL;NULL;ClearDB
dbo;ClearDB;SQL_STORED_PROCEDURE;dbo;Order_PurchasesReturnDetails;NULL;NULL;ClearDB
dbo;ClearDB;SQL_STORED_PROCEDURE;dbo;Order_RecItem;NULL;NULL;ClearDB
dbo;ClearDB;SQL_STORED_PROCEDURE;dbo;Order_RecItemDetails;NULL;NULL;ClearDB
dbo;ClearDB;SQL_STORED_PROCEDURE;dbo;Order_StoreTransfer;NULL;NULL;ClearDB
dbo;ClearDB;SQL_STORED_PROCEDURE;dbo;Order_StoreTransferDetails;NULL;NULL;ClearDB
dbo;ClearDB;SQL_STORED_PROCEDURE;dbo;Order_TransferFromBranch;NULL;NULL;ClearDB
dbo;ClearDB;SQL_STORED_PROCEDURE;dbo;Order_TransferFromBranchDetails;NULL;NULL;ClearDB
dbo;ClearDB;SQL_STORED_PROCEDURE;dbo;Order_TransferToBranch;NULL;NULL;ClearDB
dbo;ClearDB;SQL_STORED_PROCEDURE;dbo;Order_TransferToBranchDetails;NULL;NULL;ClearDB
dbo;ClearDB;SQL_STORED_PROCEDURE;dbo;OrderDalala_Dalala;NULL;NULL;ClearDB
dbo;ClearDB;SQL_STORED_PROCEDURE;dbo;OrderDalala_DalalaDetails;NULL;NULL;ClearDB
dbo;ClearDB;SQL_STORED_PROCEDURE;dbo;OrderDalala_Sending;NULL;NULL;ClearDB
dbo;ClearDB;SQL_STORED_PROCEDURE;dbo;OrderDalala_SendingDetails;NULL;NULL;ClearDB
dbo;ClearDB;SQL_STORED_PROCEDURE;dbo;OrderRent_Recipt;NULL;NULL;ClearDB
dbo;ClearDB;SQL_STORED_PROCEDURE;dbo;OrderRent_Recipt3;NULL;NULL;ClearDB
dbo;ClearDB;SQL_STORED_PROCEDURE;dbo;OrderRent_RecpitDetails;NULL;NULL;ClearDB
dbo;ClearDB;SQL_STORED_PROCEDURE;dbo;OrderRent_RecpitDetails3;NULL;NULL;ClearDB
dbo;ClearDB;SQL_STORED_PROCEDURE;dbo;OrderRent_Rent;NULL;NULL;ClearDB
dbo;ClearDB;SQL_STORED_PROCEDURE;dbo;OrderRent_RentDetails;NULL;NULL;ClearDB
dbo;ClearDB;SQL_STORED_PROCEDURE;dbo;Orders_PriceShowRental;NULL;NULL;ClearDB
dbo;ClearDB;SQL_STORED_PROCEDURE;dbo;Orders_RentalInvoice;NULL;NULL;ClearDB
dbo;ClearDB;SQL_STORED_PROCEDURE;dbo;Ordert_PriceShowRentalDetails;NULL;NULL;ClearDB
dbo;ClearDB;SQL_STORED_PROCEDURE;dbo;Ordert_RentalInvoiceDetails;NULL;NULL;ClearDB
dbo;ClearDB;SQL_STORED_PROCEDURE;dbo;Restaurant_Delivery;NULL;NULL;ClearDB
dbo;ClearDB;SQL_STORED_PROCEDURE;dbo;Restaurant_Room;NULL;NULL;ClearDB
dbo;ClearDB;SQL_STORED_PROCEDURE;dbo;Restaurant_Table;NULL;NULL;ClearDB
dbo;ClearDB;SQL_STORED_PROCEDURE;dbo;Tran_Tran;NULL;NULL;ClearDB
dbo;ClearDB;SQL_STORED_PROCEDURE;dbo;Tran_TranDetails;NULL;NULL;ClearDB
dbo;ClearDB;SQL_STORED_PROCEDURE;dbo;Tran_TranTemp;NULL;NULL;ClearDB
dbo;ClearDB;SQL_STORED_PROCEDURE;dbo;Tran_TranTempDetails;NULL;NULL;ClearDB
dbo;ClearDB;SQL_STORED_PROCEDURE;dbo;User_DayClose;NULL;NULL;ClearDB
dbo;ClearDB;SQL_STORED_PROCEDURE;dbo;User_Login;NULL;NULL;ClearDB
dbo;ClearDB;SQL_STORED_PROCEDURE;dbo;Virg_AppType;NULL;NULL;ClearDB
dbo;ClearDB;SQL_STORED_PROCEDURE;dbo;Virg_Branch;NULL;NULL;ClearDB
dbo;ClearDB;SQL_STORED_PROCEDURE;dbo;Virg_Company;NULL;NULL;ClearDB
dbo;ClearDB;SQL_STORED_PROCEDURE;dbo;Virg_Franchise;NULL;NULL;ClearDB
dbo;ClearDB;SQL_STORED_PROCEDURE;dbo;Virg_Master;NULL;NULL;ClearDB
dbo;ClearDB;SQL_STORED_PROCEDURE;dbo;Virg_MasterDetails;NULL;NULL;ClearDB
dbo;ClearDB;SQL_STORED_PROCEDURE;dbo;Virg_Statuse;NULL;NULL;ClearDB
dbo;ClearDB;SQL_STORED_PROCEDURE;dbo;Virg_Type;NULL;NULL;ClearDB
dbo;ClearEmptyDB;SQL_STORED_PROCEDURE;dbo;Account_Accounts;NULL;NULL;ClearEmptyDB
dbo;ClearEmptyDB;SQL_STORED_PROCEDURE;dbo;Account_Receipts;NULL;NULL;ClearEmptyDB
dbo;ClearEmptyDB;SQL_STORED_PROCEDURE;dbo;Account_ReceiptsDetails;NULL;NULL;ClearEmptyDB
dbo;ClearEmptyDB;SQL_STORED_PROCEDURE;dbo;Car_Receive;NULL;NULL;ClearEmptyDB
dbo;ClearEmptyDB;SQL_STORED_PROCEDURE;dbo;Contract_Contract;NULL;NULL;ClearEmptyDB
dbo;ClearEmptyDB;SQL_STORED_PROCEDURE;dbo;Contract_ContractDetails;NULL;NULL;ClearEmptyDB
dbo;ClearEmptyDB;SQL_STORED_PROCEDURE;dbo;Contract_Guarantee;NULL;NULL;ClearEmptyDB
dbo;ClearEmptyDB;SQL_STORED_PROCEDURE;dbo;Contract_GuaranteeDetails;NULL;NULL;ClearEmptyDB
dbo;ClearEmptyDB;SQL_STORED_PROCEDURE;dbo;Contract_Store;NULL;NULL;ClearEmptyDB
dbo;ClearEmptyDB;SQL_STORED_PROCEDURE;dbo;Emp_Payroll;NULL;NULL;ClearEmptyDB
dbo;ClearEmptyDB;SQL_STORED_PROCEDURE;dbo;Emp_PayrollDetails;NULL;NULL;ClearEmptyDB
dbo;ClearEmptyDB;SQL_STORED_PROCEDURE;dbo;Emp_PayrollTemp;NULL;NULL;ClearEmptyDB
dbo;ClearEmptyDB;SQL_STORED_PROCEDURE;dbo;Item_Class;NULL;NULL;ClearEmptyDB
dbo;ClearEmptyDB;SQL_STORED_PROCEDURE;dbo;Item_Company;NULL;NULL;ClearEmptyDB
dbo;ClearEmptyDB;SQL_STORED_PROCEDURE;dbo;Item_Country;NULL;NULL;ClearEmptyDB
dbo;ClearEmptyDB;SQL_STORED_PROCEDURE;dbo;Item_Groups;NULL;NULL;ClearEmptyDB
dbo;ClearEmptyDB;SQL_STORED_PROCEDURE;dbo;Item_Guarantee;NULL;NULL;ClearEmptyDB
dbo;ClearEmptyDB;SQL_STORED_PROCEDURE;dbo;Item_ItemComponent;NULL;NULL;ClearEmptyDB
dbo;ClearEmptyDB;SQL_STORED_PROCEDURE;dbo;Item_Items;NULL;NULL;ClearEmptyDB
dbo;ClearEmptyDB;SQL_STORED_PROCEDURE;dbo;Item_Unit;NULL;NULL;ClearEmptyDB
dbo;ClearEmptyDB;SQL_STORED_PROCEDURE;dbo;ItemQuantity;NULL;NULL;ClearEmptyDB
dbo;ClearEmptyDB;SQL_STORED_PROCEDURE;dbo;Order_CheckoutOrders;NULL;NULL;ClearEmptyDB
dbo;ClearEmptyDB;SQL_STORED_PROCEDURE;dbo;Order_CheckoutOrdersDetails;NULL;NULL;ClearEmptyDB
dbo;ClearEmptyDB;SQL_STORED_PROCEDURE;dbo;Order_Gard;NULL;NULL;ClearEmptyDB
dbo;ClearEmptyDB;SQL_STORED_PROCEDURE;dbo;Order_GardDetails;NULL;NULL;ClearEmptyDB
dbo;ClearEmptyDB;SQL_STORED_PROCEDURE;dbo;Order_InventorySettlementMinus;NULL;NULL;ClearEmptyDB
dbo;ClearEmptyDB;SQL_STORED_PROCEDURE;dbo;Order_InventorySettlementMinusDetails;NULL;NULL;ClearEmptyDB
dbo;ClearEmptyDB;SQL_STORED_PROCEDURE;dbo;Order_Manufacturing;NULL;NULL;ClearEmptyDB
dbo;ClearEmptyDB;SQL_STORED_PROCEDURE;dbo;Order_ManufacturingDetailsItems;NULL;NULL;ClearEmptyDB
dbo;ClearEmptyDB;SQL_STORED_PROCEDURE;dbo;Order_ManufacturingDetailsNew;NULL;NULL;ClearEmptyDB
dbo;ClearEmptyDB;SQL_STORED_PROCEDURE;dbo;Order_ManufacturingOrder;NULL;NULL;ClearEmptyDB
dbo;ClearEmptyDB;SQL_STORED_PROCEDURE;dbo;Order_ManufacturingOrderDetails;NULL;NULL;ClearEmptyDB
dbo;ClearEmptyDB;SQL_STORED_PROCEDURE;dbo;Order_OpenQuantity;NULL;NULL;ClearEmptyDB
dbo;ClearEmptyDB;SQL_STORED_PROCEDURE;dbo;Order_OpenQuantityDetails;NULL;NULL;ClearEmptyDB
dbo;ClearEmptyDB;SQL_STORED_PROCEDURE;dbo;Order_OrderReturn;NULL;NULL;ClearEmptyDB
dbo;ClearEmptyDB;SQL_STORED_PROCEDURE;dbo;Order_OrderReturnDetails;NULL;NULL;ClearEmptyDB
dbo;ClearEmptyDB;SQL_STORED_PROCEDURE;dbo;Order_Orders;NULL;NULL;ClearEmptyDB
dbo;ClearEmptyDB;SQL_STORED_PROCEDURE;dbo;Order_OrdersDetails;NULL;NULL;ClearEmptyDB
dbo;ClearEmptyDB;SQL_STORED_PROCEDURE;dbo;Order_PaymentItem;NULL;NULL;ClearEmptyDB
dbo;ClearEmptyDB;SQL_STORED_PROCEDURE;dbo;Order_PaymentItemDetails;NULL;NULL;ClearEmptyDB
dbo;ClearEmptyDB;SQL_STORED_PROCEDURE;dbo;Order_PriceOffer;NULL;NULL;ClearEmptyDB
dbo;ClearEmptyDB;SQL_STORED_PROCEDURE;dbo;Order_PriceOfferDetails;NULL;NULL;ClearEmptyDB
dbo;ClearEmptyDB;SQL_STORED_PROCEDURE;dbo;Order_Purchases;NULL;NULL;ClearEmptyDB
dbo;ClearEmptyDB;SQL_STORED_PROCEDURE;dbo;Order_PurchasesDetails;NULL;NULL;ClearEmptyDB
dbo;ClearEmptyDB;SQL_STORED_PROCEDURE;dbo;Order_PurchasesOrder;NULL;NULL;ClearEmptyDB
dbo;ClearEmptyDB;SQL_STORED_PROCEDURE;dbo;Order_PurchasesOrderDetails;NULL;NULL;ClearEmptyDB
dbo;ClearEmptyDB;SQL_STORED_PROCEDURE;dbo;Order_PurchasesReturn;NULL;NULL;ClearEmptyDB
dbo;ClearEmptyDB;SQL_STORED_PROCEDURE;dbo;Order_PurchasesReturnDetails;NULL;NULL;ClearEmptyDB
dbo;ClearEmptyDB;SQL_STORED_PROCEDURE;dbo;Order_RecItem;NULL;NULL;ClearEmptyDB
dbo;ClearEmptyDB;SQL_STORED_PROCEDURE;dbo;Order_RecItemDetails;NULL;NULL;ClearEmptyDB
dbo;ClearEmptyDB;SQL_STORED_PROCEDURE;dbo;Order_StoreTransfer;NULL;NULL;ClearEmptyDB
dbo;ClearEmptyDB;SQL_STORED_PROCEDURE;dbo;Order_StoreTransferDetails;NULL;NULL;ClearEmptyDB
dbo;ClearEmptyDB;SQL_STORED_PROCEDURE;dbo;Order_TransferFromBranch;NULL;NULL;ClearEmptyDB
dbo;ClearEmptyDB;SQL_STORED_PROCEDURE;dbo;Order_TransferFromBranchDetails;NULL;NULL;ClearEmptyDB
dbo;ClearEmptyDB;SQL_STORED_PROCEDURE;dbo;Order_TransferToBranch;NULL;NULL;ClearEmptyDB
dbo;ClearEmptyDB;SQL_STORED_PROCEDURE;dbo;Order_TransferToBranchDetails;NULL;NULL;ClearEmptyDB
dbo;ClearEmptyDB;SQL_STORED_PROCEDURE;dbo;OrderRent_Recipt;NULL;NULL;ClearEmptyDB
dbo;ClearEmptyDB;SQL_STORED_PROCEDURE;dbo;OrderRent_Recipt3;NULL;NULL;ClearEmptyDB
dbo;ClearEmptyDB;SQL_STORED_PROCEDURE;dbo;OrderRent_RecpitDetails;NULL;NULL;ClearEmptyDB
dbo;ClearEmptyDB;SQL_STORED_PROCEDURE;dbo;OrderRent_RecpitDetails3;NULL;NULL;ClearEmptyDB
dbo;ClearEmptyDB;SQL_STORED_PROCEDURE;dbo;OrderRent_Rent;NULL;NULL;ClearEmptyDB
dbo;ClearEmptyDB;SQL_STORED_PROCEDURE;dbo;OrderRent_RentDetails;NULL;NULL;ClearEmptyDB
dbo;ClearEmptyDB;SQL_STORED_PROCEDURE;dbo;Orders_PriceShowRental;NULL;NULL;ClearEmptyDB
dbo;ClearEmptyDB;SQL_STORED_PROCEDURE;dbo;Orders_RentalInvoice;NULL;NULL;ClearEmptyDB
dbo;ClearEmptyDB;SQL_STORED_PROCEDURE;dbo;Ordert_PriceShowRentalDetails;NULL;NULL;ClearEmptyDB
dbo;ClearEmptyDB;SQL_STORED_PROCEDURE;dbo;Ordert_RentalInvoiceDetails;NULL;NULL;ClearEmptyDB
dbo;ClearEmptyDB;SQL_STORED_PROCEDURE;dbo;Restaurant_Delivery;NULL;NULL;ClearEmptyDB
dbo;ClearEmptyDB;SQL_STORED_PROCEDURE;dbo;Restaurant_Room;NULL;NULL;ClearEmptyDB
dbo;ClearEmptyDB;SQL_STORED_PROCEDURE;dbo;Restaurant_Table;NULL;NULL;ClearEmptyDB
dbo;ClearEmptyDB;SQL_STORED_PROCEDURE;dbo;TblRemember;NULL;NULL;ClearEmptyDB
dbo;ClearEmptyDB;SQL_STORED_PROCEDURE;dbo;Tran_Tran;NULL;NULL;ClearEmptyDB
dbo;ClearEmptyDB;SQL_STORED_PROCEDURE;dbo;Tran_TranDetails;NULL;NULL;ClearEmptyDB
dbo;ClearEmptyDB;SQL_STORED_PROCEDURE;dbo;Tran_TranTemp;NULL;NULL;ClearEmptyDB
dbo;ClearEmptyDB;SQL_STORED_PROCEDURE;dbo;Tran_TranTempDetails;NULL;NULL;ClearEmptyDB
dbo;ClearEmptyDB;SQL_STORED_PROCEDURE;dbo;User_DayClose;NULL;NULL;ClearEmptyDB
dbo;ClearEmptyDB;SQL_STORED_PROCEDURE;dbo;User_Login;NULL;NULL;ClearEmptyDB
dbo;ClearEmptyDB;SQL_STORED_PROCEDURE;dbo;Virg_AppType;NULL;NULL;ClearEmptyDB
dbo;ClearEmptyDB;SQL_STORED_PROCEDURE;dbo;Virg_Branch;NULL;NULL;ClearEmptyDB
dbo;ClearEmptyDB;SQL_STORED_PROCEDURE;dbo;Virg_Company;NULL;NULL;ClearEmptyDB
dbo;ClearEmptyDB;SQL_STORED_PROCEDURE;dbo;Virg_Franchise;NULL;NULL;ClearEmptyDB
dbo;ClearEmptyDB;SQL_STORED_PROCEDURE;dbo;Virg_Master;NULL;NULL;ClearEmptyDB
dbo;ClearEmptyDB;SQL_STORED_PROCEDURE;dbo;Virg_MasterDetails;NULL;NULL;ClearEmptyDB
dbo;ClearEmptyDB;SQL_STORED_PROCEDURE;dbo;Virg_Statuse;NULL;NULL;ClearEmptyDB
dbo;ClearEmptyDB;SQL_STORED_PROCEDURE;dbo;Virg_Type;NULL;NULL;ClearEmptyDB
dbo;Cloud;SQL_STORED_PROCEDURE;dbo;ItemQuantity;NULL;NULL;Cloud
dbo;Cloud;SQL_STORED_PROCEDURE;dbo;Order_Orders;NULL;NULL;Cloud
dbo;Cloud;SQL_STORED_PROCEDURE;dbo;Order_OrdersDetails;NULL;NULL;Cloud
dbo;DebtReconstruction;SQL_STORED_PROCEDURE;dbo;Account_Accounts;NULL;NULL;DebtReconstruction
dbo;DebtReconstruction;SQL_STORED_PROCEDURE;dbo;Account_CustSup;NULL;NULL;DebtReconstruction
dbo;DebtReconstruction;SQL_STORED_PROCEDURE;dbo;Account_Receipts;NULL;NULL;DebtReconstruction
dbo;DebtReconstruction;SQL_STORED_PROCEDURE;dbo;Account_ReceiptsDetails;NULL;NULL;DebtReconstruction
dbo;DebtReconstruction;SQL_STORED_PROCEDURE;dbo;Order_OrderReturn;NULL;NULL;DebtReconstruction
dbo;DebtReconstruction;SQL_STORED_PROCEDURE;dbo;Order_Orders;NULL;NULL;DebtReconstruction
dbo;DebtReconstruction;SQL_STORED_PROCEDURE;Item;value;X;NULL;DebtReconstruction
dbo;Delete_Order_OpenQuantity;SQL_STORED_PROCEDURE;dbo;Order_OpenQuantity;NULL;NULL;Delete
dbo;Delete_Order_OpenQuantity_ALL;SQL_STORED_PROCEDURE;dbo;Delete_Order_OpenQuantity;NULL;NULL;Delete
dbo;Delete_Order_OpenQuantity_ALL;SQL_STORED_PROCEDURE;dbo;Delete_Order_OpenQuantityDetails;NULL;NULL;Delete
dbo;Delete_Order_OpenQuantityDetails;SQL_STORED_PROCEDURE;dbo;Item_Items;NULL;NULL;Delete
dbo;Delete_Order_OpenQuantityDetails;SQL_STORED_PROCEDURE;dbo;ItemComponentQuantity_Out;NULL;NULL;Delete
dbo;Delete_Order_OpenQuantityDetails;SQL_STORED_PROCEDURE;dbo;ItemQuantity_Out;NULL;NULL;Delete
dbo;Delete_Order_OpenQuantityDetails;SQL_STORED_PROCEDURE;dbo;Order_OpenQuantityDetails;NULL;NULL;Delete
dbo;Delete_Order_Order_ALL;SQL_STORED_PROCEDURE;dbo;Delete_Order_Orders;NULL;NULL;Delete
dbo;Delete_Order_Order_ALL;SQL_STORED_PROCEDURE;dbo;Delete_Order_OrdersDetails;NULL;NULL;Delete
dbo;Delete_Order_Order_ALL;SQL_STORED_PROCEDURE;dbo;Delete_Tran_Tran;NULL;NULL;Delete
dbo;Delete_Order_Order_ALL;SQL_STORED_PROCEDURE;dbo;Delete_Tran_TranDetails;NULL;NULL;Delete
dbo;Delete_Order_Order_ALL;SQL_STORED_PROCEDURE;dbo;Tran_Tran;NULL;NULL;Delete
dbo;Delete_Order_Order_ALL_Draft;SQL_STORED_PROCEDURE;dbo;Delete_Order_OrdersDetailsDraft;NULL;NULL;Delete
dbo;Delete_Order_Order_ALL_Draft;SQL_STORED_PROCEDURE;dbo;Delete_Order_OrdersDraft;NULL;NULL;Delete
dbo;Delete_Order_Orders;SQL_STORED_PROCEDURE;dbo;Order_Orders;NULL;NULL;Delete
dbo;Delete_Order_OrdersDetails;SQL_STORED_PROCEDURE;dbo;Item_Items;NULL;NULL;Delete
dbo;Delete_Order_OrdersDetails;SQL_STORED_PROCEDURE;dbo;ItemComponentQuantity_IN;NULL;NULL;Delete
dbo;Delete_Order_OrdersDetails;SQL_STORED_PROCEDURE;dbo;ItemQuantity_IN;NULL;NULL;Delete
dbo;Delete_Order_OrdersDetails;SQL_STORED_PROCEDURE;dbo;ItemQuantity_Out;NULL;NULL;Delete
dbo;Delete_Order_OrdersDetails;SQL_STORED_PROCEDURE;dbo;Order_OrdersDetails;NULL;NULL;Delete
dbo;Delete_Order_OrdersDetails;SQL_STORED_PROCEDURE;dbo;TblSetting;NULL;NULL;Delete
dbo;Delete_Order_OrdersDetailsDraft;SQL_STORED_PROCEDURE;dbo;Order_OrdersDetails;NULL;NULL;Delete
dbo;Delete_Order_OrdersDetailsDraft;SQL_STORED_PROCEDURE;dbo;Order_OrdersDetailsDraft;NULL;NULL;Delete
dbo;Delete_Order_OrdersDraft;SQL_STORED_PROCEDURE;dbo;Order_OrdersDraft;NULL;NULL;Delete
dbo;Delete_Order_Purchases;SQL_STORED_PROCEDURE;dbo;Order_Purchases;NULL;NULL;Delete
dbo;Delete_Order_Purchases_ALL;SQL_STORED_PROCEDURE;dbo;Delete_Order_Purchases;NULL;NULL;Delete
dbo;Delete_Order_Purchases_ALL;SQL_STORED_PROCEDURE;dbo;Delete_Order_PurchasesDetails;NULL;NULL;Delete
dbo;Delete_Order_Purchases_ALL;SQL_STORED_PROCEDURE;dbo;Delete_Tran_Tran;NULL;NULL;Delete
dbo;Delete_Order_Purchases_ALL;SQL_STORED_PROCEDURE;dbo;Delete_Tran_TranDetails;NULL;NULL;Delete
dbo;Delete_Order_Purchases_ALL;SQL_STORED_PROCEDURE;dbo;Tran_Tran;NULL;NULL;Delete
dbo;Delete_Order_PurchasesDetails;SQL_STORED_PROCEDURE;dbo;Item_Items;NULL;NULL;Delete
dbo;Delete_Order_PurchasesDetails;SQL_STORED_PROCEDURE;dbo;ItemComponentQuantity_Out;NULL;NULL;Delete
dbo;Delete_Order_PurchasesDetails;SQL_STORED_PROCEDURE;dbo;ItemQuantity_Out;NULL;NULL;Delete
dbo;Delete_Order_PurchasesDetails;SQL_STORED_PROCEDURE;dbo;Order_PurchasesDetails;NULL;NULL;Delete
dbo;Delete_Tran_Tran;SQL_STORED_PROCEDURE;dbo;Tran_Tran;NULL;NULL;Delete
dbo;Delete_Tran_TranDetails;SQL_STORED_PROCEDURE;dbo;Tran_TranDetails;NULL;NULL;Delete
dbo;Fix_Item;SQL_STORED_PROCEDURE;dbo;Item_Items;NULL;NULL;Fix
dbo;Get_Account_Tree;SQL_STORED_PROCEDURE;dbo;Account_Accounts;NULL;NULL;Get
dbo;Get_Account_Tree;SQL_STORED_PROCEDURE;dbo;Account_Final;NULL;NULL;Get
dbo;Get_Account_Tree;SQL_STORED_PROCEDURE;dbo;Account_Nature;NULL;NULL;Get
dbo;Get_Account_Tree;SQL_STORED_PROCEDURE;dbo;Account_Type;NULL;NULL;Get
dbo;Get_AccountBalnceCredit;SQL_SCALAR_FUNCTION;dbo;View_TranDetails;NULL;NULL;Get
dbo;Get_AccountBalnceCreditALL;SQL_SCALAR_FUNCTION;dbo;View_TranDetails;NULL;NULL;Get
dbo;Get_AccountBalnceDebit;SQL_SCALAR_FUNCTION;dbo;View_TranDetails;NULL;NULL;Get
dbo;Get_AccountBalnceDebitALL;SQL_SCALAR_FUNCTION;dbo;View_TranDetails;NULL;NULL;Get
dbo;Get_AfterRoots;SQL_STORED_PROCEDURE;dbo;Account_Accounts;NULL;NULL;Get
dbo;Get_All_Items;SQL_STORED_PROCEDURE;dbo;Item_Items;NULL;NULL;Get
dbo;Get_All_Items;SQL_STORED_PROCEDURE;dbo;TblSetting;NULL;NULL;Get
dbo;Get_Averg_AllItems;SQL_STORED_PROCEDURE;dbo;Get_AvergItem;NULL;NULL;Get
dbo;Get_Averg_AllItems;SQL_STORED_PROCEDURE;dbo;Item_Items;NULL;NULL;Get
dbo;Get_AvergItem;SQL_STORED_PROCEDURE;dbo;Account_Branch;NULL;NULL;Get
dbo;Get_AvergItem;SQL_STORED_PROCEDURE;dbo;Item_Items;NULL;NULL;Get
dbo;Get_AvergItem;SQL_STORED_PROCEDURE;dbo;Item_Items;NULL;NULL;Get
dbo;Get_AvergItem;SQL_STORED_PROCEDURE;dbo;ItemQuantity;NULL;NULL;Get
dbo;Get_AvergItem;SQL_STORED_PROCEDURE;dbo;Order_InventorySettlementMinus;NULL;NULL;Get
dbo;Get_AvergItem;SQL_STORED_PROCEDURE;dbo;Order_InventorySettlementMinusDetails;NULL;NULL;Get
dbo;Get_AvergItem;SQL_STORED_PROCEDURE;dbo;Order_Manufacturing;NULL;NULL;Get
dbo;Get_AvergItem;SQL_STORED_PROCEDURE;dbo;Order_ManufacturingDetailsItems;NULL;NULL;Get
dbo;Get_AvergItem;SQL_STORED_PROCEDURE;dbo;Order_ManufacturingDetailsNew;NULL;NULL;Get
dbo;Get_AvergItem;SQL_STORED_PROCEDURE;dbo;Order_OpenQuantity;NULL;NULL;Get
dbo;Get_AvergItem;SQL_STORED_PROCEDURE;dbo;Order_OpenQuantityDetails;NULL;NULL;Get
dbo;Get_AvergItem;SQL_STORED_PROCEDURE;dbo;Order_OrderReturn;NULL;NULL;Get
dbo;Get_AvergItem;SQL_STORED_PROCEDURE;dbo;Order_OrderReturnDetails;NULL;NULL;Get
dbo;Get_AvergItem;SQL_STORED_PROCEDURE;dbo;Order_Orders;NULL;NULL;Get
dbo;Get_AvergItem;SQL_STORED_PROCEDURE;dbo;Order_OrdersDetails;NULL;NULL;Get
dbo;Get_AvergItem;SQL_STORED_PROCEDURE;dbo;Order_PaymentItem;NULL;NULL;Get
dbo;Get_AvergItem;SQL_STORED_PROCEDURE;dbo;Order_PaymentItemDetails;NULL;NULL;Get
dbo;Get_AvergItem;SQL_STORED_PROCEDURE;dbo;Order_Purchases;NULL;NULL;Get
dbo;Get_AvergItem;SQL_STORED_PROCEDURE;dbo;Order_PurchasesDetails;NULL;NULL;Get
dbo;Get_AvergItem;SQL_STORED_PROCEDURE;dbo;Order_PurchasesReturn;NULL;NULL;Get
dbo;Get_AvergItem;SQL_STORED_PROCEDURE;dbo;Order_PurchasesReturnDetails;NULL;NULL;Get
dbo;Get_AvergItem;SQL_STORED_PROCEDURE;dbo;Order_RecItem;NULL;NULL;Get
dbo;Get_AvergItem;SQL_STORED_PROCEDURE;dbo;Order_RecItemDetails;NULL;NULL;Get
dbo;Get_AvergItem;SQL_STORED_PROCEDURE;dbo;Order_TransferFromBranch;NULL;NULL;Get
dbo;Get_AvergItem;SQL_STORED_PROCEDURE;dbo;Order_TransferFromBranchDetails;NULL;NULL;Get
dbo;Get_AvergItem;SQL_STORED_PROCEDURE;dbo;Order_TransferToBranch;NULL;NULL;Get
dbo;Get_AvergItem;SQL_STORED_PROCEDURE;dbo;Order_TransferToBranchDetails;NULL;NULL;Get
dbo;Get_AvergItem;SQL_STORED_PROCEDURE;dbo;TblSetting;NULL;NULL;Get
dbo;Get_AvergItem;SQL_STORED_PROCEDURE;dbo;Tran_Type;NULL;NULL;Get
dbo;Get_AvergItemByTable;SQL_STORED_PROCEDURE;dbo;Averg_Item;NULL;NULL;Get
dbo;Get_AvergItemByTable;SQL_STORED_PROCEDURE;dbo;Get_AvergItem;NULL;NULL;Get
dbo;Get_ContractActive_DisActive;SQL_STORED_PROCEDURE;dbo;Account_CustSup;NULL;NULL;Get
dbo;Get_ContractActive_DisActive;SQL_STORED_PROCEDURE;dbo;Contract_Store;NULL;NULL;Get
dbo;Get_ContractActive_DisActive;SQL_STORED_PROCEDURE;dbo;Item_Items;NULL;NULL;Get
dbo;Get_ContractActive_DisActive;SQL_STORED_PROCEDURE;dbo;Item_Unit;NULL;NULL;Get
dbo;Get_ContractCustomer;SQL_STORED_PROCEDURE;dbo;Account_CustSup;NULL;NULL;Get
dbo;Get_ContractCustomer;SQL_STORED_PROCEDURE;dbo;Contract_Store;NULL;NULL;Get
dbo;Get_ContractCustomer;SQL_STORED_PROCEDURE;dbo;Item_Items;NULL;NULL;Get
dbo;Get_ContractCustomer;SQL_STORED_PROCEDURE;dbo;Item_Unit;NULL;NULL;Get
dbo;Get_CostCentersName;SQL_SCALAR_FUNCTION;dbo;Account_CostCenters;NULL;NULL;Get
dbo;Get_Currency_Dividing;SQL_SCALAR_FUNCTION;dbo;TblSetting;NULL;NULL;Get
dbo;Get_Cust_Guarantee;SQL_STORED_PROCEDURE;dbo;Account_CustSup;NULL;NULL;Get
dbo;Get_Cust_Guarantee;SQL_STORED_PROCEDURE;dbo;Contract_Store;NULL;NULL;Get
dbo;Get_Cust_Guarantee;SQL_STORED_PROCEDURE;dbo;Item_Items;NULL;NULL;Get
dbo;Get_Cust_Guarantee;SQL_STORED_PROCEDURE;dbo;Item_Unit;NULL;NULL;Get
dbo;Get_EmployeeAllowances;SQL_STORED_PROCEDURE;dbo;Emp_Allowances;NULL;NULL;Get
dbo;Get_EmployeeAllowances;SQL_STORED_PROCEDURE;dbo;Emp_Employee;NULL;NULL;Get
dbo;Get_EmployeeAllowances;SQL_STORED_PROCEDURE;dbo;EmployeeAllowances;NULL;NULL;Get
dbo;Get_ExitItems_ByContractID;SQL_STORED_PROCEDURE;dbo;Item_Items;NULL;NULL;Get
dbo;Get_ExitItems_ByContractID;SQL_STORED_PROCEDURE;dbo;Scaffold_ExitPermission;NULL;NULL;Get
dbo;Get_ExitItems_ByContractID;SQL_STORED_PROCEDURE;dbo;Scaffold_ExitPermissionDetails;NULL;NULL;Get
dbo;Get_Item_ByCodeALL;SQL_STORED_PROCEDURE;dbo;Account_Stores;NULL;NULL;Get
dbo;Get_Item_ByCodeALL;SQL_STORED_PROCEDURE;dbo;Item_Items;NULL;NULL;Get
dbo;Get_Item_ByCodeALL;SQL_STORED_PROCEDURE;dbo;Item_Unit;NULL;NULL;Get
dbo;Get_Item_ByCodeALL;SQL_STORED_PROCEDURE;dbo;TblSetting;NULL;NULL;Get
dbo;Get_Item_ByID;SQL_STORED_PROCEDURE;dbo;Account_Stores;NULL;NULL;Get
dbo;Get_Item_ByID;SQL_STORED_PROCEDURE;dbo;Item_Items;NULL;NULL;Get
dbo;Get_Item_ByID;SQL_STORED_PROCEDURE;dbo;Item_Unit;NULL;NULL;Get
dbo;Get_Item_ByID;SQL_STORED_PROCEDURE;dbo;TblSetting;NULL;NULL;Get
dbo;Get_Item_ByItemCode;SQL_STORED_PROCEDURE;dbo;Item_Items;NULL;NULL;Get
dbo;Get_Item_ByItemCode;SQL_STORED_PROCEDURE;dbo;Item_Unit;NULL;NULL;Get
dbo;Get_Item_BySearchOpenQauntity;SQL_STORED_PROCEDURE;dbo;Account_Stores;NULL;NULL;Get
dbo;Get_Item_BySearchOpenQauntity;SQL_STORED_PROCEDURE;dbo;Item_Items;NULL;NULL;Get
dbo;Get_Item_BySearchOpenQauntity;SQL_STORED_PROCEDURE;dbo;Item_Unit;NULL;NULL;Get
dbo;Get_Item_BySearchOpenQauntity;SQL_STORED_PROCEDURE;dbo;Order_OpenQuantityDetails;NULL;NULL;Get
dbo;Get_Item_BySearchPurchases;SQL_STORED_PROCEDURE;dbo;Account_Stores;NULL;NULL;Get
dbo;Get_Item_BySearchPurchases;SQL_STORED_PROCEDURE;dbo;Item_Items;NULL;NULL;Get
dbo;Get_Item_BySearchPurchases;SQL_STORED_PROCEDURE;dbo;Item_Unit;NULL;NULL;Get
dbo;Get_Item_BySearchPurchases;SQL_STORED_PROCEDURE;dbo;Order_PurchasesDetails;NULL;NULL;Get
dbo;Get_ItemGroupToPrintCashier;SQL_STORED_PROCEDURE;dbo;Item_Groups;NULL;NULL;Get
dbo;Get_ItemGroupToPrintCashier;SQL_STORED_PROCEDURE;dbo;Item_Items;NULL;NULL;Get
dbo;Get_ItemGroupToPrintCashier;SQL_STORED_PROCEDURE;dbo;Order_OrdersDetails;NULL;NULL;Get
dbo;Get_ItemGroupToPrintCashier;SQL_STORED_PROCEDURE;dbo;Printers;NULL;NULL;Get
dbo;Get_ItemGroupToPrintCashierItem;SQL_STORED_PROCEDURE;dbo;Item_Items;NULL;NULL;Get
dbo;Get_ItemGroupToPrintCashierItem;SQL_STORED_PROCEDURE;dbo;Order_OrdersDetails;NULL;NULL;Get
dbo;Get_ItemGroupToPrintCashierItem;SQL_STORED_PROCEDURE;dbo;Printers;NULL;NULL;Get
dbo;Get_Items_ByCode;SQL_STORED_PROCEDURE;dbo;Item_Items;NULL;NULL;Get
dbo;Get_Items_Stock_Report;SQL_STORED_PROCEDURE;dbo;Item_Items;NULL;NULL;Get
dbo;Get_Items_Stock_Report;SQL_STORED_PROCEDURE;dbo;Item_Unit;NULL;NULL;Get
dbo;Get_Items_Stock_Report;SQL_STORED_PROCEDURE;dbo;ItemQuantity;NULL;NULL;Get
dbo;Get_Items_Stock_Report;SQL_STORED_PROCEDURE;dbo;Scaffold_EntryPermissionDetails;NULL;NULL;Get
dbo;Get_Items_Stock_Report;SQL_STORED_PROCEDURE;dbo;Scaffold_ExitPermissionDetails;NULL;NULL;Get
dbo;Get_MizanBarcode;SQL_STORED_PROCEDURE;dbo;Item_Items;NULL;NULL;Get
dbo;Get_ProfitAndLossAccount;SQL_STORED_PROCEDURE;dbo;Account_Accounts;NULL;NULL;Get
dbo;Get_ProfitAndLossAccount;SQL_STORED_PROCEDURE;dbo;DatePart;NULL;NULL;Get
dbo;Get_ProfitAndLossAccount;SQL_STORED_PROCEDURE;dbo;RoundData;NULL;NULL;Get
dbo;Get_ProfitAndLossAccount;SQL_STORED_PROCEDURE;dbo;Subtraction;NULL;NULL;Get
dbo;Get_ProfitAndLossAccount;SQL_STORED_PROCEDURE;dbo;ViewTranMaterDetails;NULL;NULL;Get
dbo;Get_ProfitAndLossAccountAllBranch;SQL_STORED_PROCEDURE;dbo;Account_Accounts;NULL;NULL;Get
dbo;Get_ProfitAndLossAccountAllBranch;SQL_STORED_PROCEDURE;dbo;AccountStartBalance;NULL;NULL;Get
dbo;Get_ProfitAndLossAccountAllBranch;SQL_STORED_PROCEDURE;dbo;DatePart;NULL;NULL;Get
dbo;Get_ProfitAndLossAccountAllBranch;SQL_STORED_PROCEDURE;dbo;RoundData;NULL;NULL;Get
dbo;Get_ProfitAndLossAccountAllBranch;SQL_STORED_PROCEDURE;dbo;Subtraction;NULL;NULL;Get
dbo;Get_ProfitAndLossAccountAllBranch;SQL_STORED_PROCEDURE;dbo;ViewTranMaterDetails;NULL;NULL;Get
dbo;Get_Report_OrdersPurches;SQL_STORED_PROCEDURE;dbo;Item_Items;NULL;NULL;Get
dbo;Get_Report_OrdersPurches;SQL_STORED_PROCEDURE;dbo;Order_OrderReturn;NULL;NULL;Get
dbo;Get_Report_OrdersPurches;SQL_STORED_PROCEDURE;dbo;Order_OrderReturnDetails;NULL;NULL;Get
dbo;Get_Report_OrdersPurches;SQL_STORED_PROCEDURE;dbo;Order_Orders;NULL;NULL;Get
dbo;Get_Report_OrdersPurches;SQL_STORED_PROCEDURE;dbo;Order_OrdersDetails;NULL;NULL;Get
dbo;Get_Report_OrdersPurches;SQL_STORED_PROCEDURE;dbo;Order_Purchases;NULL;NULL;Get
dbo;Get_Report_OrdersPurches;SQL_STORED_PROCEDURE;dbo;Order_PurchasesDetails;NULL;NULL;Get
dbo;Get_Report_OrdersPurches;SQL_STORED_PROCEDURE;dbo;Order_PurchasesReturn;NULL;NULL;Get
dbo;Get_Report_OrdersPurches;SQL_STORED_PROCEDURE;dbo;Order_PurchasesReturnDetails;NULL;NULL;Get
dbo;Get_Report_OrdersPurches_ByGroups;SQL_STORED_PROCEDURE;dbo;Item_Groups;NULL;NULL;Get
dbo;Get_Report_OrdersPurches_ByGroups;SQL_STORED_PROCEDURE;dbo;Item_Items;NULL;NULL;Get
dbo;Get_Report_OrdersPurches_ByGroups;SQL_STORED_PROCEDURE;dbo;Ledger_Account_ByGroups;NULL;NULL;Get
dbo;Get_Report_OrdersPurches_ByGroups;SQL_STORED_PROCEDURE;dbo;Order_OrderReturn;NULL;NULL;Get
dbo;Get_Report_OrdersPurches_ByGroups;SQL_STORED_PROCEDURE;dbo;Order_OrderReturnDetails;NULL;NULL;Get
dbo;Get_Report_OrdersPurches_ByGroups;SQL_STORED_PROCEDURE;dbo;Order_Orders;NULL;NULL;Get
dbo;Get_Report_OrdersPurches_ByGroups;SQL_STORED_PROCEDURE;dbo;Order_OrdersDetails;NULL;NULL;Get
dbo;Get_Report_OrdersPurches_ByGroups;SQL_STORED_PROCEDURE;dbo;Order_Purchases;NULL;NULL;Get
dbo;Get_Report_OrdersPurches_ByGroups;SQL_STORED_PROCEDURE;dbo;Order_PurchasesDetails;NULL;NULL;Get
dbo;Get_Report_OrdersPurches_ByGroups;SQL_STORED_PROCEDURE;dbo;Order_PurchasesReturn;NULL;NULL;Get
dbo;Get_Report_OrdersPurches_ByGroups;SQL_STORED_PROCEDURE;dbo;Order_PurchasesReturnDetails;NULL;NULL;Get
dbo;Get_Report_QuantityOrdersPurches;SQL_STORED_PROCEDURE;dbo;Item_Items;NULL;NULL;Get
dbo;Get_Report_QuantityOrdersPurches;SQL_STORED_PROCEDURE;dbo;Order_OrderReturn;NULL;NULL;Get
dbo;Get_Report_QuantityOrdersPurches;SQL_STORED_PROCEDURE;dbo;Order_OrderReturnDetails;NULL;NULL;Get
dbo;Get_Report_QuantityOrdersPurches;SQL_STORED_PROCEDURE;dbo;Order_Orders;NULL;NULL;Get
dbo;Get_Report_QuantityOrdersPurches;SQL_STORED_PROCEDURE;dbo;Order_OrdersDetails;NULL;NULL;Get
dbo;Get_Report_QuantityOrdersPurches;SQL_STORED_PROCEDURE;dbo;Order_Purchases;NULL;NULL;Get
dbo;Get_Report_QuantityOrdersPurches;SQL_STORED_PROCEDURE;dbo;Order_PurchasesDetails;NULL;NULL;Get
dbo;Get_Report_QuantityOrdersPurches;SQL_STORED_PROCEDURE;dbo;Order_PurchasesReturn;NULL;NULL;Get
dbo;Get_Report_QuantityOrdersPurches;SQL_STORED_PROCEDURE;dbo;Order_PurchasesReturnDetails;NULL;NULL;Get
dbo;Get_Restaurant_Delivery;SQL_STORED_PROCEDURE;dbo;Restaurant_Delivery;NULL;NULL;Get
dbo;Get_Restaurant_Delivery;SQL_STORED_PROCEDURE;dbo;Restaurant_DeliveryMan;NULL;NULL;Get
dbo;Get_Scaffolds_Contracts_Filter;SQL_STORED_PROCEDURE;dbo;Account_Receipts;NULL;NULL;Get
dbo;Get_Scaffolds_Contracts_Filter;SQL_STORED_PROCEDURE;dbo;Scaffolds_Contract;NULL;NULL;Get
dbo;Get_Scaffolds_Contracts_Filter;SQL_STORED_PROCEDURE;dbo;Scaffolds_ContractDetails;NULL;NULL;Get
dbo;Get_Serial;SQL_STORED_PROCEDURE;dbo;Account_CustSup;NULL;NULL;Get
dbo;Get_Serial;SQL_STORED_PROCEDURE;dbo;Virg_Master;NULL;NULL;Get
dbo;Get_Serial;SQL_STORED_PROCEDURE;dbo;Virg_MasterDetails;NULL;NULL;Get
dbo;Get_Serial;SQL_STORED_PROCEDURE;dbo;Virg_Virgins;NULL;NULL;Get
dbo;Get_Supplier_Items_Scaffold;SQL_STORED_PROCEDURE;dbo;Account_CustSup;NULL;NULL;Get
dbo;Get_Supplier_Items_Scaffold;SQL_STORED_PROCEDURE;dbo;Item_Items;NULL;NULL;Get
dbo;Get_Supplier_Items_Scaffold;SQL_STORED_PROCEDURE;dbo;Scaffold_EntryPermission;NULL;NULL;Get
dbo;Get_Supplier_Items_Scaffold;SQL_STORED_PROCEDURE;dbo;Scaffold_EntryPermissionDetails;NULL;NULL;Get
dbo;Get_Supplier_Items_Scaffold;SQL_STORED_PROCEDURE;dbo;Scaffold_ExitPermission;NULL;NULL;Get
dbo;Get_Supplier_Items_Scaffold;SQL_STORED_PROCEDURE;dbo;Scaffold_ExitPermissionDetails;NULL;NULL;Get
dbo;Get_SupplierAccount;SQL_STORED_PROCEDURE;dbo;Account_Accounts;NULL;NULL;Get
dbo;Get_virginByStatuse;SQL_STORED_PROCEDURE;dbo;Account_CustSup;NULL;NULL;Get
dbo;Get_virginByStatuse;SQL_STORED_PROCEDURE;dbo;Virg_AppType;NULL;NULL;Get
dbo;Get_virginByStatuse;SQL_STORED_PROCEDURE;dbo;Virg_branch;NULL;NULL;Get
dbo;Get_virginByStatuse;SQL_STORED_PROCEDURE;dbo;Virg_Company;NULL;NULL;Get
dbo;Get_virginByStatuse;SQL_STORED_PROCEDURE;dbo;Virg_Franchise;NULL;NULL;Get
dbo;Get_virginByStatuse;SQL_STORED_PROCEDURE;dbo;Virg_Master;NULL;NULL;Get
dbo;Get_virginByStatuse;SQL_STORED_PROCEDURE;dbo;Virg_MasterDetails;NULL;NULL;Get
dbo;Get_virginByStatuse;SQL_STORED_PROCEDURE;dbo;Virg_Statuse;NULL;NULL;Get
dbo;Get_virginByStatuse;SQL_STORED_PROCEDURE;dbo;Virg_Type;NULL;NULL;Get
dbo;Get_virginByStatuse;SQL_STORED_PROCEDURE;dbo;Virg_Virgins;NULL;NULL;Get
dbo;GetAccountBalance;SQL_STORED_PROCEDURE;dbo;Account_Accounts;NULL;NULL;GetAccountBalance
dbo;GetAccountBalance;SQL_STORED_PROCEDURE;dbo;Account_CustSup;NULL;NULL;GetAccountBalance
dbo;GetAccountBalance;SQL_STORED_PROCEDURE;dbo;Tran_TranDetails;NULL;NULL;GetAccountBalance
dbo;GetAccountBalanceByAccID;SQL_STORED_PROCEDURE;dbo;Account_Accounts;NULL;NULL;GetAccountBalanceByAccID
dbo;GetAccountBalanceByAccID;SQL_STORED_PROCEDURE;dbo;Tran_TranDetails;NULL;NULL;GetAccountBalanceByAccID
dbo;GetAccountPath;SQL_STORED_PROCEDURE;dbo;Get_AfterRoots;NULL;NULL;GetAccountPath
dbo;GetAccountPath;SQL_STORED_PROCEDURE;dbo;Temp_Accounts;NULL;NULL;GetAccountPath
dbo;GetAccountTree;SQL_STORED_PROCEDURE;dbo;Account_Accounts;NULL;NULL;GetAccountTree
dbo;GetAccountTree;SQL_STORED_PROCEDURE;dbo;Account_Final;NULL;NULL;GetAccountTree
dbo;GetAccountTree;SQL_STORED_PROCEDURE;dbo;Account_Nature;NULL;NULL;GetAccountTree
dbo;GetAccountTree;SQL_STORED_PROCEDURE;dbo;Account_Suspended;NULL;NULL;GetAccountTree
dbo;GetAccountTree;SQL_STORED_PROCEDURE;dbo;Account_Type;NULL;NULL;GetAccountTree
dbo;GetAllBranches;SQL_STORED_PROCEDURE;dbo;Account_Branch;NULL;NULL;GetAllBranches
dbo;GetAllitems_Alternatives;SQL_STORED_PROCEDURE;dbo;Item_Items;NULL;NULL;GetAllitems
dbo;GetAllitems_Alternatives;SQL_STORED_PROCEDURE;dbo;ItemQuantity;NULL;NULL;GetAllitems
dbo;GetBalanceGroupAccounts;SQL_STORED_PROCEDURE;dbo;Account_Accounts;NULL;NULL;GetBalanceGroupAccounts
dbo;GetBalanceGroupAccounts;SQL_STORED_PROCEDURE;dbo;DatePart;NULL;NULL;GetBalanceGroupAccounts
dbo;GetBalanceGroupAccounts;SQL_STORED_PROCEDURE;dbo;Get_AfterRoots;NULL;NULL;GetBalanceGroupAccounts
dbo;GetBalanceGroupAccounts;SQL_STORED_PROCEDURE;dbo;Subtraction;NULL;NULL;GetBalanceGroupAccounts
dbo;GetBalanceGroupAccounts;SQL_STORED_PROCEDURE;dbo;ViewTranMaterDetails;NULL;NULL;GetBalanceGroupAccounts
dbo;GetBeginningInventoryID;SQL_SCALAR_FUNCTION;dbo;Account_DefualtAccount2;NULL;NULL;GetBeginningInventoryID
dbo;GetBudgetBalance;SQL_SCALAR_FUNCTION;dbo;ufn_FindReports;NULL;NULL;GetBudgetBalance
dbo;GetBudgetBalance;SQL_SCALAR_FUNCTION;dbo;View_Budget_TempTranMaterDetails;NULL;NULL;GetBudgetBalance
dbo;GetBudgetBalance2;SQL_SCALAR_FUNCTION;dbo;ufn_FindReports;NULL;NULL;GetBudgetBalance2
dbo;GetBudgetBalance2;SQL_SCALAR_FUNCTION;dbo;View_Budget_TempTranMaterDetails;NULL;NULL;GetBudgetBalance2
dbo;GetBudgetBalanceAll;SQL_SCALAR_FUNCTION;dbo;ufn_FindReports;NULL;NULL;GetBudgetBalanceAll
dbo;GetBudgetBalanceAll;SQL_SCALAR_FUNCTION;dbo;View_Budget_TempTranMaterDetails;NULL;NULL;GetBudgetBalanceAll
dbo;GetCapitalAccountID;SQL_SCALAR_FUNCTION;dbo;Account_DefualtAccount2;NULL;NULL;GetCapitalAccountID
dbo;GetCostCenterDetails;SQL_STORED_PROCEDURE;dbo;Account_Accounts;NULL;NULL;GetCostCenterDetails
dbo;GetCostCenterDetails;SQL_STORED_PROCEDURE;dbo;Account_CostCenters;NULL;NULL;GetCostCenterDetails
dbo;GetCostCenterDetails;SQL_STORED_PROCEDURE;dbo;Tran_Tran;NULL;NULL;GetCostCenterDetails
dbo;GetCostCenterDetails;SQL_STORED_PROCEDURE;dbo;Tran_TranDetails;NULL;NULL;GetCostCenterDetails
dbo;GetCsrZakat;SQL_STORED_PROCEDURE;dbo;TblSetting;NULL;NULL;GetCsrZakat
dbo;GetCsrZakat;SQL_STORED_PROCEDURE;dbo;User_Login;NULL;NULL;GetCsrZakat
dbo;GetDataForZakatToCrm;SQL_STORED_PROCEDURE;dbo;TblSetting;NULL;NULL;GetDataForZakatToCrm
dbo;GetDataForZakatToCrm;SQL_STORED_PROCEDURE;dbo;User_Login;NULL;NULL;GetDataForZakatToCrm
dbo;GetEndingInventoryID;SQL_SCALAR_FUNCTION;dbo;Account_DefualtAccount2;NULL;NULL;GetEndingInventoryID
dbo;GetItemDetails;SQL_STORED_PROCEDURE;dbo;Item_Items;NULL;NULL;GetItemDetails
dbo;GetItemQuantityByBranch;SQL_STORED_PROCEDURE;dbo;Account_Branch;NULL;NULL;GetItemQuantityByBranch
dbo;GetItemQuantityByBranch;SQL_STORED_PROCEDURE;dbo;Account_Stores;NULL;NULL;GetItemQuantityByBranch
dbo;GetItemQuantityByBranch;SQL_STORED_PROCEDURE;dbo;Item_Items;NULL;NULL;GetItemQuantityByBranch
dbo;GetItemQuantityByBranch;SQL_STORED_PROCEDURE;dbo;ItemQuantity;NULL;NULL;GetItemQuantityByBranch
dbo;GetLastOrderDetailsByItemID;SQL_STORED_PROCEDURE;dbo;Order_Orders;NULL;NULL;GetLastOrderDetailsByItemID
dbo;GetLastOrderDetailsByItemID;SQL_STORED_PROCEDURE;dbo;Order_OrdersDetails;NULL;NULL;GetLastOrderDetailsByItemID
dbo;GetLedger_Employee;SQL_STORED_PROCEDURE;dbo;Tran_Tran;NULL;NULL;GetLedger
dbo;GetLedger_Employee;SQL_STORED_PROCEDURE;dbo;Tran_TranDetails;NULL;NULL;GetLedger
dbo;GetOrderDetailsByInvoiceID;SQL_STORED_PROCEDURE;dbo;Account_Stores;NULL;NULL;GetOrderDetailsByInvoiceID
dbo;GetOrderDetailsByInvoiceID;SQL_STORED_PROCEDURE;dbo;Item_Items;NULL;NULL;GetOrderDetailsByInvoiceID
dbo;GetOrderDetailsByInvoiceID;SQL_STORED_PROCEDURE;dbo;Item_Unit;NULL;NULL;GetOrderDetailsByInvoiceID
dbo;GetOrderDetailsByInvoiceID;SQL_STORED_PROCEDURE;dbo;Order_OrderReturn;NULL;NULL;GetOrderDetailsByInvoiceID
dbo;GetOrderDetailsByInvoiceID;SQL_STORED_PROCEDURE;dbo;Order_OrderReturnDetails;NULL;NULL;GetOrderDetailsByInvoiceID
dbo;GetOrderDetailsByInvoiceID;SQL_STORED_PROCEDURE;dbo;Order_OrdersDetails;NULL;NULL;GetOrderDetailsByInvoiceID
dbo;GetOrderDetailsWithReturns;SQL_STORED_PROCEDURE;dbo;Account_Stores;NULL;NULL;GetOrderDetailsWithReturns
dbo;GetOrderDetailsWithReturns;SQL_STORED_PROCEDURE;dbo;Item_Items;NULL;NULL;GetOrderDetailsWithReturns
dbo;GetOrderDetailsWithReturns;SQL_STORED_PROCEDURE;dbo;Item_Unit;NULL;NULL;GetOrderDetailsWithReturns
dbo;GetOrderDetailsWithReturns;SQL_STORED_PROCEDURE;dbo;Order_OrderReturnDetails;NULL;NULL;GetOrderDetailsWithReturns
dbo;GetOrderDetailsWithReturns;SQL_STORED_PROCEDURE;dbo;Order_Orders;NULL;NULL;GetOrderDetailsWithReturns
dbo;GetOrderDetailsWithReturns;SQL_STORED_PROCEDURE;dbo;Order_OrdersDetails;NULL;NULL;GetOrderDetailsWithReturns
dbo;GetOrderRentalDetails;SQL_STORED_PROCEDURE;dbo;OrderRent_Recipt3;GTSdb;NULL;GetOrderRentalDetails
dbo;GetOrderRentalDetails;SQL_STORED_PROCEDURE;dbo;Orders_RentalInvoice;GTSdb;NULL;GetOrderRentalDetails
dbo;GetOrderReservations;SQL_STORED_PROCEDURE;dbo;Halls;NULL;NULL;GetOrderReservations
dbo;GetOrderReservations;SQL_STORED_PROCEDURE;dbo;Order_Orders;NULL;NULL;GetOrderReservations
dbo;GetOrderReservations;SQL_STORED_PROCEDURE;dbo;Order_Reservations;NULL;NULL;GetOrderReservations
dbo;GetOrdersWithDetails;SQL_STORED_PROCEDURE;dbo;Account_AccountType;NULL;NULL;GetOrdersWithDetails
dbo;GetOrdersWithDetails;SQL_STORED_PROCEDURE;dbo;Account_Stores;NULL;NULL;GetOrdersWithDetails
dbo;GetOrdersWithDetails;SQL_STORED_PROCEDURE;dbo;Item_Items;NULL;NULL;GetOrdersWithDetails
dbo;GetOrdersWithDetails;SQL_STORED_PROCEDURE;dbo;Item_Unit;NULL;NULL;GetOrdersWithDetails
dbo;GetOrdersWithDetails;SQL_STORED_PROCEDURE;dbo;Order_Orders;NULL;NULL;GetOrdersWithDetails
dbo;GetOrdersWithDetails;SQL_STORED_PROCEDURE;dbo;Order_OrdersDetails;NULL;NULL;GetOrdersWithDetails
dbo;GetOrdersWithDetailsDraft;SQL_STORED_PROCEDURE;dbo;Account_AccountType;NULL;NULL;GetOrdersWithDetailsDraft
dbo;GetOrdersWithDetailsDraft;SQL_STORED_PROCEDURE;dbo;Account_Stores;NULL;NULL;GetOrdersWithDetailsDraft
dbo;GetOrdersWithDetailsDraft;SQL_STORED_PROCEDURE;dbo;Item_Items;NULL;NULL;GetOrdersWithDetailsDraft
dbo;GetOrdersWithDetailsDraft;SQL_STORED_PROCEDURE;dbo;Item_Unit;NULL;NULL;GetOrdersWithDetailsDraft
dbo;GetOrdersWithDetailsDraft;SQL_STORED_PROCEDURE;dbo;Order_OrdersDetailsDraft;NULL;NULL;GetOrdersWithDetailsDraft
dbo;GetOrdersWithDetailsDraft;SQL_STORED_PROCEDURE;dbo;Order_OrdersDraft;NULL;NULL;GetOrdersWithDetailsDraft
dbo;GetParentPath;SQL_SCALAR_FUNCTION;dbo;Account_Accounts;NULL;NULL;GetParentPath
dbo;GetParentPath;SQL_SCALAR_FUNCTION;dbo;GetParentPath;NULL;NULL;GetParentPath
dbo;GetPriceOffersWithDetails;SQL_STORED_PROCEDURE;dbo;Account_Stores;NULL;NULL;GetPriceOffersWithDetails
dbo;GetPriceOffersWithDetails;SQL_STORED_PROCEDURE;dbo;Item_Items;NULL;NULL;GetPriceOffersWithDetails
dbo;GetPriceOffersWithDetails;SQL_STORED_PROCEDURE;dbo;Item_Unit;NULL;NULL;GetPriceOffersWithDetails
dbo;GetPriceOffersWithDetails;SQL_STORED_PROCEDURE;dbo;Order_PriceOffer;NULL;NULL;GetPriceOffersWithDetails
dbo;GetPriceOffersWithDetails;SQL_STORED_PROCEDURE;dbo;Order_PriceOfferDetails;NULL;NULL;GetPriceOffersWithDetails
dbo;GetPrinter_ID_Name;SQL_STORED_PROCEDURE;dbo;Item_Groups;NULL;NULL;GetPrinter
dbo;GetPrinter_ID_Name;SQL_STORED_PROCEDURE;dbo;Item_Items;NULL;NULL;GetPrinter
dbo;GetPrinter_ID_Name;SQL_STORED_PROCEDURE;dbo;Printers;NULL;NULL;GetPrinter
dbo;GetProfitAndLossID;SQL_SCALAR_FUNCTION;dbo;Account_DefualtAccount2;NULL;NULL;GetProfitAndLossID
dbo;GetQuantityFromItem_ByItemCode_StoreId;SQL_STORED_PROCEDURE;dbo;Item_Items;NULL;NULL;GetQuantityFromItem
dbo;GetQuantityFromItem_ByItemCode_StoreId;SQL_STORED_PROCEDURE;dbo;Item_Unit;NULL;NULL;GetQuantityFromItem
dbo;GetQuantityFromItem_ByItemCode_StoreId;SQL_STORED_PROCEDURE;dbo;ItemQuantity;NULL;NULL;GetQuantityFromItem
dbo;GetRecpitInvoiceDetails;SQL_STORED_PROCEDURE;dbo;Item_Items;NULL;NULL;GetRecpitInvoiceDetails
dbo;GetRecpitInvoiceDetails;SQL_STORED_PROCEDURE;dbo;OrderRent_Recipt3;NULL;NULL;GetRecpitInvoiceDetails
dbo;GetRecpitInvoiceDetails;SQL_STORED_PROCEDURE;dbo;OrderRent_RecpitDetails3;NULL;NULL;GetRecpitInvoiceDetails
dbo;GetRentalInvoiceDetails;SQL_STORED_PROCEDURE;dbo;Item_Items;NULL;NULL;GetRentalInvoiceDetails
dbo;GetRentalInvoiceDetails;SQL_STORED_PROCEDURE;dbo;Orders_RentalInvoice;NULL;NULL;GetRentalInvoiceDetails
dbo;GetRentalInvoiceDetails;SQL_STORED_PROCEDURE;dbo;Ordert_RentalInvoiceDetails;NULL;NULL;GetRentalInvoiceDetails
dbo;GetRented;SQL_STORED_PROCEDURE;dbo;Item_Items;NULL;NULL;GetRented
dbo;GetRented;SQL_STORED_PROCEDURE;dbo;ItemQuantity;NULL;NULL;GetRented
dbo;GetRented;SQL_STORED_PROCEDURE;dbo;Orders_RentalInvoice;NULL;NULL;GetRented
dbo;GetRented;SQL_STORED_PROCEDURE;dbo;Ordert_RentalInvoiceDetails;NULL;NULL;GetRented
dbo;GetRepairWithDetails;SQL_STORED_PROCEDURE;dbo;Repairs_Groups;NULL;NULL;GetRepairWithDetails
dbo;GetRepairWithDetails;SQL_STORED_PROCEDURE;dbo;Repairs_Malfunctions;NULL;NULL;GetRepairWithDetails
dbo;GetRepairWithDetails;SQL_STORED_PROCEDURE;dbo;Repairs_Repair;NULL;NULL;GetRepairWithDetails
dbo;GetRepairWithDetails;SQL_STORED_PROCEDURE;dbo;Repairs_RepairDetails;NULL;NULL;GetRepairWithDetails
dbo;GetReport_BounceContract;SQL_STORED_PROCEDURE;dbo;Contract_Bounce;NULL;NULL;GetReport
dbo;GetReport_BounceContract;SQL_STORED_PROCEDURE;dbo;Contract_Contract;NULL;NULL;GetReport
dbo;GetReport_BounceContract;SQL_STORED_PROCEDURE;dbo;RoundDividingData;NULL;NULL;GetReport
dbo;GetReport_Car;SQL_STORED_PROCEDURE;dbo;Account_AccountType;NULL;NULL;GetReport
dbo;GetReport_Car;SQL_STORED_PROCEDURE;dbo;Account_CustSup;NULL;NULL;GetReport
dbo;GetReport_Car;SQL_STORED_PROCEDURE;dbo;Car_Receive;NULL;NULL;GetReport
dbo;GetReport_Car;SQL_STORED_PROCEDURE;dbo;Contract_Bounce;NULL;NULL;GetReport
dbo;GetReport_Contract;SQL_STORED_PROCEDURE;dbo;Account_Branch;NULL;NULL;GetReport
dbo;GetReport_Contract;SQL_STORED_PROCEDURE;dbo;Contract_Bounce;NULL;NULL;GetReport
dbo;GetReport_Contract;SQL_STORED_PROCEDURE;dbo;Contract_Contract;NULL;NULL;GetReport
dbo;GetReport_Contract;SQL_STORED_PROCEDURE;dbo;RoundDividingData;NULL;NULL;GetReport
dbo;GetReport_Contract;SQL_STORED_PROCEDURE;dbo;User_Login;NULL;NULL;GetReport
dbo;GetReport_CostCenters;SQL_STORED_PROCEDURE;dbo;Account_CostCenters;NULL;NULL;GetReport
dbo;GetReport_CostCenters;SQL_STORED_PROCEDURE;dbo;Get_CostCentersName;NULL;NULL;GetReport
dbo;GetReport_CostCenters;SQL_STORED_PROCEDURE;dbo;GetViewCostCentersPrivtCreditBalance;NULL;NULL;GetReport
dbo;GetReport_CostCenters;SQL_STORED_PROCEDURE;dbo;GetViewCostCentersPrivtDebitBalance;NULL;NULL;GetReport
dbo;GetReport_CostCenters;SQL_STORED_PROCEDURE;dbo;RoundDividingData;NULL;NULL;GetReport
dbo;GetReport_CostCenters;SQL_STORED_PROCEDURE;dbo;Subtraction;NULL;NULL;GetReport
dbo;GetReport_CostCenters;SQL_STORED_PROCEDURE;dbo;ViewTranMaterDetails;NULL;NULL;GetReport
dbo;GetReport_CostCentersByFather;SQL_STORED_PROCEDURE;dbo;Account_CostCenters;NULL;NULL;GetReport
dbo;GetReport_CostCentersByFather;SQL_STORED_PROCEDURE;dbo;RoundDividingData;NULL;NULL;GetReport
dbo;GetReport_CostCentersByFather;SQL_STORED_PROCEDURE;dbo;ViewTranMaterDetails;NULL;NULL;GetReport
dbo;GetReport_EmployeeSales;SQL_STORED_PROCEDURE;dbo;Account_Branch;NULL;NULL;GetReport
dbo;GetReport_EmployeeSales;SQL_STORED_PROCEDURE;dbo;DatePart;NULL;NULL;GetReport
dbo;GetReport_EmployeeSales;SQL_STORED_PROCEDURE;dbo;Order_OrderReturn;NULL;NULL;GetReport
dbo;GetReport_EmployeeSales;SQL_STORED_PROCEDURE;dbo;Order_Orders;NULL;NULL;GetReport
dbo;GetReport_EmployeeSales;SQL_STORED_PROCEDURE;dbo;User_Login;NULL;NULL;GetReport
dbo;GetReport_EmployeeSales_2;SQL_STORED_PROCEDURE;dbo;Account_Branch;NULL;NULL;GetReport
dbo;GetReport_EmployeeSales_2;SQL_STORED_PROCEDURE;dbo;Order_OrderReturn;NULL;NULL;GetReport
dbo;GetReport_EmployeeSales_2;SQL_STORED_PROCEDURE;dbo;Order_Orders;NULL;NULL;GetReport
dbo;GetReport_EmployeeSales_2;SQL_STORED_PROCEDURE;dbo;User_Login;NULL;NULL;GetReport
dbo;GetReport_Guarantee;SQL_STORED_PROCEDURE;dbo;Account_Branch;NULL;NULL;GetReport
dbo;GetReport_Guarantee;SQL_STORED_PROCEDURE;dbo;Contract_Guarantee;NULL;NULL;GetReport
dbo;GetReport_Guarantee;SQL_STORED_PROCEDURE;dbo;RoundDividingData;NULL;NULL;GetReport
dbo;GetReport_Guarantee;SQL_STORED_PROCEDURE;dbo;User_Login;NULL;NULL;GetReport
dbo;GetReport_ItemsMenu;SQL_STORED_PROCEDURE;dbo;Item_Groups;NULL;NULL;GetReport
dbo;GetReport_ItemsMenu;SQL_STORED_PROCEDURE;dbo;Item_Items;NULL;NULL;GetReport
dbo;GetReport_ItemsMenu;SQL_STORED_PROCEDURE;dbo;RoundDividingData;NULL;NULL;GetReport
dbo;GetReport_MovementAllItemActive;SQL_STORED_PROCEDURE;dbo;Item_Items;NULL;NULL;GetReport
dbo;GetReport_MovementAllItemActive;SQL_STORED_PROCEDURE;dbo;Item_Unit;NULL;NULL;GetReport
dbo;GetReport_MovementAllItemActive;SQL_STORED_PROCEDURE;dbo;Order_Gard;NULL;NULL;GetReport
dbo;GetReport_MovementAllItemActive;SQL_STORED_PROCEDURE;dbo;Order_GardDetails;NULL;NULL;GetReport
dbo;GetReport_MovementAllItemActive;SQL_STORED_PROCEDURE;dbo;Order_InventorySettlementMinus;NULL;NULL;GetReport
dbo;GetReport_MovementAllItemActive;SQL_STORED_PROCEDURE;dbo;Order_InventorySettlementMinusDetails;NULL;NULL;GetReport
dbo;GetReport_MovementAllItemActive;SQL_STORED_PROCEDURE;dbo;Order_OrderReturn;NULL;NULL;GetReport
dbo;GetReport_MovementAllItemActive;SQL_STORED_PROCEDURE;dbo;Order_OrderReturnDetails;NULL;NULL;GetReport
dbo;GetReport_MovementAllItemActive;SQL_STORED_PROCEDURE;dbo;Order_Orders;NULL;NULL;GetReport
dbo;GetReport_MovementAllItemActive;SQL_STORED_PROCEDURE;dbo;Order_OrdersDetails;NULL;NULL;GetReport
dbo;GetReport_MovementAllItemActive;SQL_STORED_PROCEDURE;dbo;Order_PaymentItem;NULL;NULL;GetReport
dbo;GetReport_MovementAllItemActive;SQL_STORED_PROCEDURE;dbo;Order_PaymentItemDetails;NULL;NULL;GetReport
dbo;GetReport_MovementAllItemActive;SQL_STORED_PROCEDURE;dbo;Order_Purchases;NULL;NULL;GetReport
dbo;GetReport_MovementAllItemActive;SQL_STORED_PROCEDURE;dbo;Order_PurchasesDetails;NULL;NULL;GetReport
dbo;GetReport_MovementAllItemActive;SQL_STORED_PROCEDURE;dbo;Order_PurchasesReturn;NULL;NULL;GetReport
dbo;GetReport_MovementAllItemActive;SQL_STORED_PROCEDURE;dbo;Order_PurchasesReturnDetails;NULL;NULL;GetReport
dbo;GetReport_MovementAllItemActive;SQL_STORED_PROCEDURE;dbo;Order_RecItem;NULL;NULL;GetReport
dbo;GetReport_MovementAllItemActive;SQL_STORED_PROCEDURE;dbo;Order_RecItemDetails;NULL;NULL;GetReport
dbo;GetReport_MovementAllItemActive;SQL_STORED_PROCEDURE;dbo;Order_TransferFromBranch;NULL;NULL;GetReport
dbo;GetReport_MovementAllItemActive;SQL_STORED_PROCEDURE;dbo;Order_TransferFromBranchDetails;NULL;NULL;GetReport
dbo;GetReport_MovementAllItemActive;SQL_STORED_PROCEDURE;dbo;Order_TransferToBranch;NULL;NULL;GetReport
dbo;GetReport_MovementAllItemActive;SQL_STORED_PROCEDURE;dbo;Order_TransferToBranchDetails;NULL;NULL;GetReport
dbo;GetReport_MovementAllItemActive;SQL_STORED_PROCEDURE;dbo;Tran_Type;NULL;NULL;GetReport
dbo;GetReport_MovementAllItemActive_Summary;SQL_STORED_PROCEDURE;dbo;Item_Items;NULL;NULL;GetReport
dbo;GetReport_MovementAllItemActive_Summary;SQL_STORED_PROCEDURE;dbo;Order_Gard;NULL;NULL;GetReport
dbo;GetReport_MovementAllItemActive_Summary;SQL_STORED_PROCEDURE;dbo;Order_GardDetails;NULL;NULL;GetReport
dbo;GetReport_MovementAllItemActive_Summary;SQL_STORED_PROCEDURE;dbo;Order_InventorySettlementMinus;NULL;NULL;GetReport
dbo;GetReport_MovementAllItemActive_Summary;SQL_STORED_PROCEDURE;dbo;Order_InventorySettlementMinusDetails;NULL;NULL;GetReport
dbo;GetReport_MovementAllItemActive_Summary;SQL_STORED_PROCEDURE;dbo;Order_OrderReturn;NULL;NULL;GetReport
dbo;GetReport_MovementAllItemActive_Summary;SQL_STORED_PROCEDURE;dbo;Order_OrderReturnDetails;NULL;NULL;GetReport
dbo;GetReport_MovementAllItemActive_Summary;SQL_STORED_PROCEDURE;dbo;Order_Orders;NULL;NULL;GetReport
dbo;GetReport_MovementAllItemActive_Summary;SQL_STORED_PROCEDURE;dbo;Order_OrdersDetails;NULL;NULL;GetReport
dbo;GetReport_MovementAllItemActive_Summary;SQL_STORED_PROCEDURE;dbo;Order_PaymentItem;NULL;NULL;GetReport
dbo;GetReport_MovementAllItemActive_Summary;SQL_STORED_PROCEDURE;dbo;Order_PaymentItemDetails;NULL;NULL;GetReport
dbo;GetReport_MovementAllItemActive_Summary;SQL_STORED_PROCEDURE;dbo;Order_Purchases;NULL;NULL;GetReport
dbo;GetReport_MovementAllItemActive_Summary;SQL_STORED_PROCEDURE;dbo;Order_PurchasesDetails;NULL;NULL;GetReport
dbo;GetReport_MovementAllItemActive_Summary;SQL_STORED_PROCEDURE;dbo;Order_PurchasesReturn;NULL;NULL;GetReport
dbo;GetReport_MovementAllItemActive_Summary;SQL_STORED_PROCEDURE;dbo;Order_PurchasesReturnDetails;NULL;NULL;GetReport
dbo;GetReport_MovementAllItemActive_Summary;SQL_STORED_PROCEDURE;dbo;Order_RecItem;NULL;NULL;GetReport
dbo;GetReport_MovementAllItemActive_Summary;SQL_STORED_PROCEDURE;dbo;Order_RecItemDetails;NULL;NULL;GetReport
dbo;GetReport_MovementAllItemActive_Summary;SQL_STORED_PROCEDURE;dbo;Order_TransferFromBranch;NULL;NULL;GetReport
dbo;GetReport_MovementAllItemActive_Summary;SQL_STORED_PROCEDURE;dbo;Order_TransferFromBranchDetails;NULL;NULL;GetReport
dbo;GetReport_MovementAllItemActive_Summary;SQL_STORED_PROCEDURE;dbo;Order_TransferToBranch;NULL;NULL;GetReport
dbo;GetReport_MovementAllItemActive_Summary;SQL_STORED_PROCEDURE;dbo;Order_TransferToBranchDetails;NULL;NULL;GetReport
dbo;GetReport_MovementItem;SQL_STORED_PROCEDURE;dbo;ItemQuantity;NULL;NULL;GetReport
dbo;GetReport_MovementItem;SQL_STORED_PROCEDURE;dbo;Order_CheckoutOrders;NULL;NULL;GetReport
dbo;GetReport_MovementItem;SQL_STORED_PROCEDURE;dbo;Order_CheckoutOrdersDetails;NULL;NULL;GetReport
dbo;GetReport_MovementItem;SQL_STORED_PROCEDURE;dbo;Order_InventorySettlementMinus;NULL;NULL;GetReport
dbo;GetReport_MovementItem;SQL_STORED_PROCEDURE;dbo;Order_InventorySettlementMinusDetails;NULL;NULL;GetReport
dbo;GetReport_MovementItem;SQL_STORED_PROCEDURE;dbo;Order_OpenQuantity;NULL;NULL;GetReport
dbo;GetReport_MovementItem;SQL_STORED_PROCEDURE;dbo;Order_OpenQuantityDetails;NULL;NULL;GetReport
dbo;GetReport_MovementItem;SQL_STORED_PROCEDURE;dbo;Order_OrderReturn;NULL;NULL;GetReport
dbo;GetReport_MovementItem;SQL_STORED_PROCEDURE;dbo;Order_OrderReturnDetails;NULL;NULL;GetReport
dbo;GetReport_MovementItem;SQL_STORED_PROCEDURE;dbo;Order_Orders;NULL;NULL;GetReport
dbo;GetReport_MovementItem;SQL_STORED_PROCEDURE;dbo;Order_OrdersDetails;NULL;NULL;GetReport
dbo;GetReport_MovementItem;SQL_STORED_PROCEDURE;dbo;Order_PaymentItem;NULL;NULL;GetReport
dbo;GetReport_MovementItem;SQL_STORED_PROCEDURE;dbo;Order_PaymentItemDetails;NULL;NULL;GetReport
dbo;GetReport_MovementItem;SQL_STORED_PROCEDURE;dbo;Order_PriceOffer;NULL;NULL;GetReport
dbo;GetReport_MovementItem;SQL_STORED_PROCEDURE;dbo;Order_PriceOfferDetails;NULL;NULL;GetReport
dbo;GetReport_MovementItem;SQL_STORED_PROCEDURE;dbo;Order_Purchases;NULL;NULL;GetReport
dbo;GetReport_MovementItem;SQL_STORED_PROCEDURE;dbo;Order_PurchasesDetails;NULL;NULL;GetReport
dbo;GetReport_MovementItem;SQL_STORED_PROCEDURE;dbo;Order_PurchasesOrder;NULL;NULL;GetReport
dbo;GetReport_MovementItem;SQL_STORED_PROCEDURE;dbo;Order_PurchasesOrderDetails;NULL;NULL;GetReport
dbo;GetReport_MovementItem;SQL_STORED_PROCEDURE;dbo;Order_PurchasesReturn;NULL;NULL;GetReport
dbo;GetReport_MovementItem;SQL_STORED_PROCEDURE;dbo;Order_PurchasesReturnDetails;NULL;NULL;GetReport
dbo;GetReport_MovementItem;SQL_STORED_PROCEDURE;dbo;Order_RecItem;NULL;NULL;GetReport
dbo;GetReport_MovementItem;SQL_STORED_PROCEDURE;dbo;Order_RecItemDetails;NULL;NULL;GetReport
dbo;GetReport_MovementItem;SQL_STORED_PROCEDURE;dbo;Order_StoreTransfer;NULL;NULL;GetReport
dbo;GetReport_MovementItem;SQL_STORED_PROCEDURE;dbo;Order_StoreTransferDetails;NULL;NULL;GetReport
dbo;GetReport_MovementItem;SQL_STORED_PROCEDURE;dbo;Order_TransferFromBranch;NULL;NULL;GetReport
dbo;GetReport_MovementItem;SQL_STORED_PROCEDURE;dbo;Order_TransferFromBranchDetails;NULL;NULL;GetReport
dbo;GetReport_MovementItem;SQL_STORED_PROCEDURE;dbo;Order_TransferToBranch;NULL;NULL;GetReport
dbo;GetReport_MovementItem;SQL_STORED_PROCEDURE;dbo;Order_TransferToBranchDetails;NULL;NULL;GetReport
dbo;GetReport_MovementItem;SQL_STORED_PROCEDURE;dbo;Tran_Type;NULL;NULL;GetReport
dbo;GetReport_MovementItemActive;SQL_STORED_PROCEDURE;dbo;Item_Items;NULL;NULL;GetReport
dbo;GetReport_MovementItemActive;SQL_STORED_PROCEDURE;dbo;Item_Unit;NULL;NULL;GetReport
dbo;GetReport_MovementItemActive;SQL_STORED_PROCEDURE;dbo;ItemQuantity;NULL;NULL;GetReport
dbo;GetReport_MovementItemActive;SQL_STORED_PROCEDURE;dbo;Order_Gard;NULL;NULL;GetReport
dbo;GetReport_MovementItemActive;SQL_STORED_PROCEDURE;dbo;Order_GardDetails;NULL;NULL;GetReport
dbo;GetReport_MovementItemActive;SQL_STORED_PROCEDURE;dbo;Order_InventorySettlementMinus;NULL;NULL;GetReport
dbo;GetReport_MovementItemActive;SQL_STORED_PROCEDURE;dbo;Order_InventorySettlementMinusDetails;NULL;NULL;GetReport
dbo;GetReport_MovementItemActive;SQL_STORED_PROCEDURE;dbo;Order_OpenQuantity;NULL;NULL;GetReport
dbo;GetReport_MovementItemActive;SQL_STORED_PROCEDURE;dbo;Order_OpenQuantityDetails;NULL;NULL;GetReport
dbo;GetReport_MovementItemActive;SQL_STORED_PROCEDURE;dbo;Order_OrderReturn;NULL;NULL;GetReport
dbo;GetReport_MovementItemActive;SQL_STORED_PROCEDURE;dbo;Order_OrderReturnDetails;NULL;NULL;GetReport
dbo;GetReport_MovementItemActive;SQL_STORED_PROCEDURE;dbo;Order_Orders;NULL;NULL;GetReport
dbo;GetReport_MovementItemActive;SQL_STORED_PROCEDURE;dbo;Order_OrdersDetails;NULL;NULL;GetReport
dbo;GetReport_MovementItemActive;SQL_STORED_PROCEDURE;dbo;Order_PaymentItem;NULL;NULL;GetReport
dbo;GetReport_MovementItemActive;SQL_STORED_PROCEDURE;dbo;Order_PaymentItemDetails;NULL;NULL;GetReport
dbo;GetReport_MovementItemActive;SQL_STORED_PROCEDURE;dbo;Order_Purchases;NULL;NULL;GetReport
dbo;GetReport_MovementItemActive;SQL_STORED_PROCEDURE;dbo;Order_PurchasesDetails;NULL;NULL;GetReport
dbo;GetReport_MovementItemActive;SQL_STORED_PROCEDURE;dbo;Order_PurchasesReturn;NULL;NULL;GetReport
dbo;GetReport_MovementItemActive;SQL_STORED_PROCEDURE;dbo;Order_PurchasesReturnDetails;NULL;NULL;GetReport
dbo;GetReport_MovementItemActive;SQL_STORED_PROCEDURE;dbo;Order_RecItem;NULL;NULL;GetReport
dbo;GetReport_MovementItemActive;SQL_STORED_PROCEDURE;dbo;Order_RecItemDetails;NULL;NULL;GetReport
dbo;GetReport_MovementItemActive;SQL_STORED_PROCEDURE;dbo;Order_TransferFromBranch;NULL;NULL;GetReport
dbo;GetReport_MovementItemActive;SQL_STORED_PROCEDURE;dbo;Order_TransferFromBranchDetails;NULL;NULL;GetReport
dbo;GetReport_MovementItemActive;SQL_STORED_PROCEDURE;dbo;Order_TransferToBranch;NULL;NULL;GetReport
dbo;GetReport_MovementItemActive;SQL_STORED_PROCEDURE;dbo;Order_TransferToBranchDetails;NULL;NULL;GetReport
dbo;GetReport_MovementItemActive;SQL_STORED_PROCEDURE;dbo;Tran_Type;NULL;NULL;GetReport
dbo;GetReport_MovementItemBetweenToDate;SQL_STORED_PROCEDURE;dbo;Item_Items;NULL;NULL;GetReport
dbo;GetReport_MovementItemBetweenToDate;SQL_STORED_PROCEDURE;dbo;Item_Unit;NULL;NULL;GetReport
dbo;GetReport_MovementItemBetweenToDate;SQL_STORED_PROCEDURE;dbo;ItemQuantity;NULL;NULL;GetReport
dbo;GetReport_MovementItemBetweenToDate;SQL_STORED_PROCEDURE;dbo;Order_CheckoutOrders;NULL;NULL;GetReport
dbo;GetReport_MovementItemBetweenToDate;SQL_STORED_PROCEDURE;dbo;Order_CheckoutOrdersDetails;NULL;NULL;GetReport
dbo;GetReport_MovementItemBetweenToDate;SQL_STORED_PROCEDURE;dbo;Order_InventorySettlementMinus;NULL;NULL;GetReport
dbo;GetReport_MovementItemBetweenToDate;SQL_STORED_PROCEDURE;dbo;Order_InventorySettlementMinusDetails;NULL;NULL;GetReport
dbo;GetReport_MovementItemBetweenToDate;SQL_STORED_PROCEDURE;dbo;Order_OpenQuantity;NULL;NULL;GetReport
dbo;GetReport_MovementItemBetweenToDate;SQL_STORED_PROCEDURE;dbo;Order_OpenQuantityDetails;NULL;NULL;GetReport
dbo;GetReport_MovementItemBetweenToDate;SQL_STORED_PROCEDURE;dbo;Order_OrderReturn;NULL;NULL;GetReport
dbo;GetReport_MovementItemBetweenToDate;SQL_STORED_PROCEDURE;dbo;Order_OrderReturnDetails;NULL;NULL;GetReport
dbo;GetReport_MovementItemBetweenToDate;SQL_STORED_PROCEDURE;dbo;Order_Orders;NULL;NULL;GetReport
dbo;GetReport_MovementItemBetweenToDate;SQL_STORED_PROCEDURE;dbo;Order_OrdersDetails;NULL;NULL;GetReport
dbo;GetReport_MovementItemBetweenToDate;SQL_STORED_PROCEDURE;dbo;Order_PaymentItem;NULL;NULL;GetReport
dbo;GetReport_MovementItemBetweenToDate;SQL_STORED_PROCEDURE;dbo;Order_PaymentItemDetails;NULL;NULL;GetReport
dbo;GetReport_MovementItemBetweenToDate;SQL_STORED_PROCEDURE;dbo;Order_PriceOffer;NULL;NULL;GetReport
dbo;GetReport_MovementItemBetweenToDate;SQL_STORED_PROCEDURE;dbo;Order_PriceOfferDetails;NULL;NULL;GetReport
dbo;GetReport_MovementItemBetweenToDate;SQL_STORED_PROCEDURE;dbo;Order_Purchases;NULL;NULL;GetReport
dbo;GetReport_MovementItemBetweenToDate;SQL_STORED_PROCEDURE;dbo;Order_PurchasesDetails;NULL;NULL;GetReport
dbo;GetReport_MovementItemBetweenToDate;SQL_STORED_PROCEDURE;dbo;Order_PurchasesOrder;NULL;NULL;GetReport
dbo;GetReport_MovementItemBetweenToDate;SQL_STORED_PROCEDURE;dbo;Order_PurchasesOrderDetails;NULL;NULL;GetReport
dbo;GetReport_MovementItemBetweenToDate;SQL_STORED_PROCEDURE;dbo;Order_PurchasesReturn;NULL;NULL;GetReport
dbo;GetReport_MovementItemBetweenToDate;SQL_STORED_PROCEDURE;dbo;Order_PurchasesReturnDetails;NULL;NULL;GetReport
dbo;GetReport_MovementItemBetweenToDate;SQL_STORED_PROCEDURE;dbo;Order_RecItem;NULL;NULL;GetReport
dbo;GetReport_MovementItemBetweenToDate;SQL_STORED_PROCEDURE;dbo;Order_RecItemDetails;NULL;NULL;GetReport
dbo;GetReport_MovementItemBetweenToDate;SQL_STORED_PROCEDURE;dbo;Order_StoreTransfer;NULL;NULL;GetReport
dbo;GetReport_MovementItemBetweenToDate;SQL_STORED_PROCEDURE;dbo;Order_StoreTransferDetails;NULL;NULL;GetReport
dbo;GetReport_MovementItemBetweenToDate;SQL_STORED_PROCEDURE;dbo;Order_TransferFromBranch;NULL;NULL;GetReport
dbo;GetReport_MovementItemBetweenToDate;SQL_STORED_PROCEDURE;dbo;Order_TransferFromBranchDetails;NULL;NULL;GetReport
dbo;GetReport_MovementItemBetweenToDate;SQL_STORED_PROCEDURE;dbo;Order_TransferToBranch;NULL;NULL;GetReport
dbo;GetReport_MovementItemBetweenToDate;SQL_STORED_PROCEDURE;dbo;Order_TransferToBranchDetails;NULL;NULL;GetReport
dbo;GetReport_MovementItemBetweenToDate;SQL_STORED_PROCEDURE;dbo;Tran_Type;NULL;NULL;GetReport
dbo;GetReport_MovementsDailyReport;SQL_STORED_PROCEDURE;dbo;Account_DefualtAccount;NULL;NULL;GetReport
dbo;GetReport_MovementsDailyReport;SQL_STORED_PROCEDURE;dbo;Order_CheckoutOrders;NULL;NULL;GetReport
dbo;GetReport_MovementsDailyReport;SQL_STORED_PROCEDURE;dbo;Order_OrderReturn;NULL;NULL;GetReport
dbo;GetReport_MovementsDailyReport;SQL_STORED_PROCEDURE;dbo;Order_Orders;NULL;NULL;GetReport
dbo;GetReport_MovementsDailyReport;SQL_STORED_PROCEDURE;dbo;Order_Purchases;NULL;NULL;GetReport
dbo;GetReport_MovementsDailyReport;SQL_STORED_PROCEDURE;dbo;Order_PurchasesReturn;NULL;NULL;GetReport
dbo;GetReport_MovementsDailyReport;SQL_STORED_PROCEDURE;dbo;Tran_Tran;NULL;NULL;GetReport
dbo;GetReport_MovementsDailyReport;SQL_STORED_PROCEDURE;dbo;Tran_TranDetails;NULL;NULL;GetReport
dbo;GetReport_MovementsDailyReport2;SQL_STORED_PROCEDURE;dbo;Account_DefualtAccount2;NULL;NULL;GetReport
dbo;GetReport_MovementsDailyReport2;SQL_STORED_PROCEDURE;dbo;Order_CheckoutOrders;NULL;NULL;GetReport
dbo;GetReport_MovementsDailyReport2;SQL_STORED_PROCEDURE;dbo;Order_OrderReturn;NULL;NULL;GetReport
dbo;GetReport_MovementsDailyReport2;SQL_STORED_PROCEDURE;dbo;Order_Orders;NULL;NULL;GetReport
dbo;GetReport_MovementsDailyReport2;SQL_STORED_PROCEDURE;dbo;Order_Purchases;NULL;NULL;GetReport
dbo;GetReport_MovementsDailyReport2;SQL_STORED_PROCEDURE;dbo;Order_PurchasesReturn;NULL;NULL;GetReport
dbo;GetReport_MovementsDailyReport2;SQL_STORED_PROCEDURE;dbo;Order_TransferFromBranch;NULL;NULL;GetReport
dbo;GetReport_MovementsDailyReport2;SQL_STORED_PROCEDURE;dbo;Order_TransferToBranch;NULL;NULL;GetReport
dbo;GetReport_MovementsDailyReport2;SQL_STORED_PROCEDURE;dbo;Tran_Tran;NULL;NULL;GetReport
dbo;GetReport_MovementsDailyReport2;SQL_STORED_PROCEDURE;dbo;Tran_TranDetails;NULL;NULL;GetReport
dbo;GetReport_MovementsDailyReport2_ByUser;SQL_STORED_PROCEDURE;dbo;Account_DefualtAccount2;NULL;NULL;GetReport
dbo;GetReport_MovementsDailyReport2_ByUser;SQL_STORED_PROCEDURE;dbo;Order_OrderReturn;NULL;NULL;GetReport
dbo;GetReport_MovementsDailyReport2_ByUser;SQL_STORED_PROCEDURE;dbo;Order_Orders;NULL;NULL;GetReport
dbo;GetReport_MovementsDailyReport2_ByUser;SQL_STORED_PROCEDURE;dbo;Order_Purchases;NULL;NULL;GetReport
dbo;GetReport_MovementsDailyReport2_ByUser;SQL_STORED_PROCEDURE;dbo;Order_PurchasesReturn;NULL;NULL;GetReport
dbo;GetReport_MovementsDailyReport2_ByUser;SQL_STORED_PROCEDURE;dbo;Order_TransferFromBranch;NULL;NULL;GetReport
dbo;GetReport_MovementsDailyReport2_ByUser;SQL_STORED_PROCEDURE;dbo;Order_TransferToBranch;NULL;NULL;GetReport
dbo;GetReport_MovementsDailyReport2_ByUser;SQL_STORED_PROCEDURE;dbo;Tran_Tran;NULL;NULL;GetReport
dbo;GetReport_MovementsDailyReport2_ByUser;SQL_STORED_PROCEDURE;dbo;Tran_TranDetails;NULL;NULL;GetReport
dbo;GetReport_MovementsDailyReportAllBranch;SQL_STORED_PROCEDURE;dbo;Account_DefualtAccount2;NULL;NULL;GetReport
dbo;GetReport_MovementsDailyReportAllBranch;SQL_STORED_PROCEDURE;dbo;Order_OrderReturn;NULL;NULL;GetReport
dbo;GetReport_MovementsDailyReportAllBranch;SQL_STORED_PROCEDURE;dbo;Order_Orders;NULL;NULL;GetReport
dbo;GetReport_MovementsDailyReportAllBranch;SQL_STORED_PROCEDURE;dbo;Order_Purchases;NULL;NULL;GetReport
dbo;GetReport_MovementsDailyReportAllBranch;SQL_STORED_PROCEDURE;dbo;Order_PurchasesReturn;NULL;NULL;GetReport
dbo;GetReport_MovementsDailyReportAllBranch;SQL_STORED_PROCEDURE;dbo;Tran_Tran;NULL;NULL;GetReport
dbo;GetReport_MovementsDailyReportAllBranch;SQL_STORED_PROCEDURE;dbo;Tran_TranDetails;NULL;NULL;GetReport
dbo;GetReport_MovementsDailyReportCloseDay;SQL_STORED_PROCEDURE;dbo;Account_DefualtAccount2;NULL;NULL;GetReport
dbo;GetReport_MovementsDailyReportCloseDay;SQL_STORED_PROCEDURE;dbo;Order_CheckoutOrders;NULL;NULL;GetReport
dbo;GetReport_MovementsDailyReportCloseDay;SQL_STORED_PROCEDURE;dbo;Order_OrderReturn;NULL;NULL;GetReport
dbo;GetReport_MovementsDailyReportCloseDay;SQL_STORED_PROCEDURE;dbo;Order_Orders;NULL;NULL;GetReport
dbo;GetReport_MovementsDailyReportCloseDay;SQL_STORED_PROCEDURE;dbo;Order_Purchases;NULL;NULL;GetReport
dbo;GetReport_MovementsDailyReportCloseDay;SQL_STORED_PROCEDURE;dbo;Order_PurchasesReturn;NULL;NULL;GetReport
dbo;GetReport_MovementsDailyReportCloseDay;SQL_STORED_PROCEDURE;dbo;Order_TransferFromBranch;NULL;NULL;GetReport
dbo;GetReport_MovementsDailyReportCloseDay;SQL_STORED_PROCEDURE;dbo;Order_TransferToBranch;NULL;NULL;GetReport
dbo;GetReport_MovementsDailyReportCloseDay;SQL_STORED_PROCEDURE;dbo;Tran_Tran;NULL;NULL;GetReport
dbo;GetReport_MovementsDailyReportCloseDay;SQL_STORED_PROCEDURE;dbo;Tran_TranDetails;NULL;NULL;GetReport
dbo;GetReport_NetProfitOrdersBySalesMan;SQL_STORED_PROCEDURE;dbo;Account_AccountType;NULL;NULL;GetReport
dbo;GetReport_NetProfitOrdersBySalesMan;SQL_STORED_PROCEDURE;dbo;Account_CustSup;NULL;NULL;GetReport
dbo;GetReport_NetProfitOrdersBySalesMan;SQL_STORED_PROCEDURE;dbo;Account_SalesMan;NULL;NULL;GetReport
dbo;GetReport_NetProfitOrdersBySalesMan;SQL_STORED_PROCEDURE;dbo;Order_OrderReturn;NULL;NULL;GetReport
dbo;GetReport_NetProfitOrdersBySalesMan;SQL_STORED_PROCEDURE;dbo;Order_Orders;NULL;NULL;GetReport
dbo;GetReport_Order_Reservation;SQL_STORED_PROCEDURE;dbo;Account_CustSup;NULL;NULL;GetReport
dbo;GetReport_Order_Reservation;SQL_STORED_PROCEDURE;dbo;Order_Reservation;NULL;NULL;GetReport
dbo;GetReport_Order_TransferfromBranch;SQL_STORED_PROCEDURE;dbo;Item_Items;NULL;NULL;GetReport
dbo;GetReport_Order_TransferfromBranch;SQL_STORED_PROCEDURE;dbo;Order_TransferFromBranch;NULL;NULL;GetReport
dbo;GetReport_Order_TransferfromBranch;SQL_STORED_PROCEDURE;dbo;Order_TransferFromBranchDetails;NULL;NULL;GetReport
dbo;GetReport_Order_TransferfromBranch;SQL_STORED_PROCEDURE;dbo;RoundDividingData;NULL;NULL;GetReport
dbo;GetReport_Order_TransferToBranch;SQL_STORED_PROCEDURE;dbo;Item_Items;NULL;NULL;GetReport
dbo;GetReport_Order_TransferToBranch;SQL_STORED_PROCEDURE;dbo;Order_TransferToBranch;NULL;NULL;GetReport
dbo;GetReport_Order_TransferToBranch;SQL_STORED_PROCEDURE;dbo;Order_TransferToBranchDetails;NULL;NULL;GetReport
dbo;GetReport_Order_TransferToBranch;SQL_STORED_PROCEDURE;dbo;RoundDividingData;NULL;NULL;GetReport
dbo;GetReport_OrderDalala_Dalala;SQL_STORED_PROCEDURE;dbo;Account_Branch;NULL;NULL;GetReport
dbo;GetReport_OrderDalala_Dalala;SQL_STORED_PROCEDURE;dbo;OrderDalala_Dalala;NULL;NULL;GetReport
dbo;GetReport_OrderDalala_Dalala;SQL_STORED_PROCEDURE;dbo;RoundDividingData;NULL;NULL;GetReport
dbo;GetReport_OrderDalala_Dalala;SQL_STORED_PROCEDURE;dbo;User_Login;NULL;NULL;GetReport
dbo;GetReport_OrderDalala_Sending;SQL_STORED_PROCEDURE;dbo;Account_Branch;NULL;NULL;GetReport
dbo;GetReport_OrderDalala_Sending;SQL_STORED_PROCEDURE;dbo;OrderDalala_Sending;NULL;NULL;GetReport
dbo;GetReport_OrderDalala_Sending;SQL_STORED_PROCEDURE;dbo;User_Login;NULL;NULL;GetReport
dbo;GetReport_OrderDetails;SQL_STORED_PROCEDURE;dbo;Item_Items;NULL;NULL;GetReport
dbo;GetReport_OrderDetails;SQL_STORED_PROCEDURE;dbo;Order_Orders;NULL;NULL;GetReport
dbo;GetReport_OrderDetails;SQL_STORED_PROCEDURE;dbo;Order_OrdersDetails;NULL;NULL;GetReport
dbo;GetReport_OrderDetails;SQL_STORED_PROCEDURE;dbo;RoundDividingData;NULL;NULL;GetReport
dbo;GetReport_OrderDetailsByBounce;SQL_STORED_PROCEDURE;dbo;Contract_Bounce;NULL;NULL;GetReport
dbo;GetReport_OrderDetailsByBounce;SQL_STORED_PROCEDURE;dbo;Item_Items;NULL;NULL;GetReport
dbo;GetReport_OrderDetailsByBounce;SQL_STORED_PROCEDURE;dbo;Order_Orders;NULL;NULL;GetReport
dbo;GetReport_OrderDetailsByBounce;SQL_STORED_PROCEDURE;dbo;Order_OrdersDetails;NULL;NULL;GetReport
dbo;GetReport_OrderDetailsByBounce;SQL_STORED_PROCEDURE;dbo;RoundDividingData;NULL;NULL;GetReport
dbo;GetReport_OrderDetailsByCatogry;SQL_STORED_PROCEDURE;dbo;Account_AccountType;NULL;NULL;GetReport
dbo;GetReport_OrderDetailsByCatogry;SQL_STORED_PROCEDURE;dbo;Account_Branch;NULL;NULL;GetReport
dbo;GetReport_OrderDetailsByCatogry;SQL_STORED_PROCEDURE;dbo;Account_CustSup;NULL;NULL;GetReport
dbo;GetReport_OrderDetailsByCatogry;SQL_STORED_PROCEDURE;dbo;Account_Stores;NULL;NULL;GetReport
dbo;GetReport_OrderDetailsByCatogry;SQL_STORED_PROCEDURE;dbo;Item_Class;NULL;NULL;GetReport
dbo;GetReport_OrderDetailsByCatogry;SQL_STORED_PROCEDURE;dbo;Item_Company;NULL;NULL;GetReport
dbo;GetReport_OrderDetailsByCatogry;SQL_STORED_PROCEDURE;dbo;Item_Groups;NULL;NULL;GetReport
dbo;GetReport_OrderDetailsByCatogry;SQL_STORED_PROCEDURE;dbo;Item_Items;NULL;NULL;GetReport
dbo;GetReport_OrderDetailsByCatogry;SQL_STORED_PROCEDURE;dbo;Item_Unit;NULL;NULL;GetReport
dbo;GetReport_OrderDetailsByCatogry;SQL_STORED_PROCEDURE;dbo;Order_Orders;NULL;NULL;GetReport
dbo;GetReport_OrderDetailsByCatogry;SQL_STORED_PROCEDURE;dbo;Order_OrdersDetails;NULL;NULL;GetReport
dbo;GetReport_OrderDetailsByCatogry;SQL_STORED_PROCEDURE;dbo;RoundDividingData;NULL;NULL;GetReport
dbo;GetReport_OrderDetailsByCatogry;SQL_STORED_PROCEDURE;dbo;User_Login;NULL;NULL;GetReport
dbo;GetReport_OrderDetailsByGroups;SQL_STORED_PROCEDURE;dbo;Account_AccountType;NULL;NULL;GetReport
dbo;GetReport_OrderDetailsByGroups;SQL_STORED_PROCEDURE;dbo;Account_Branch;NULL;NULL;GetReport
dbo;GetReport_OrderDetailsByGroups;SQL_STORED_PROCEDURE;dbo;Account_Stores;NULL;NULL;GetReport
dbo;GetReport_OrderDetailsByGroups;SQL_STORED_PROCEDURE;dbo;Item_Items;NULL;NULL;GetReport
dbo;GetReport_OrderDetailsByGroups;SQL_STORED_PROCEDURE;dbo;Item_Unit;NULL;NULL;GetReport
dbo;GetReport_OrderDetailsByGroups;SQL_STORED_PROCEDURE;dbo;Order_Orders;NULL;NULL;GetReport
dbo;GetReport_OrderDetailsByGroups;SQL_STORED_PROCEDURE;dbo;Order_OrdersDetails;NULL;NULL;GetReport
dbo;GetReport_OrderDetailsByGroups;SQL_STORED_PROCEDURE;dbo;RoundDividingData;NULL;NULL;GetReport
dbo;GetReport_OrderDetailsBySalesMan;SQL_STORED_PROCEDURE;dbo;Account_AccountType;NULL;NULL;GetReport
dbo;GetReport_OrderDetailsBySalesMan;SQL_STORED_PROCEDURE;dbo;Account_Branch;NULL;NULL;GetReport
dbo;GetReport_OrderDetailsBySalesMan;SQL_STORED_PROCEDURE;dbo;Account_CustSup;NULL;NULL;GetReport
dbo;GetReport_OrderDetailsBySalesMan;SQL_STORED_PROCEDURE;dbo;Account_SalesMan;NULL;NULL;GetReport
dbo;GetReport_OrderDetailsBySalesMan;SQL_STORED_PROCEDURE;dbo;Account_Stores;NULL;NULL;GetReport
dbo;GetReport_OrderDetailsBySalesMan;SQL_STORED_PROCEDURE;dbo;Item_Items;NULL;NULL;GetReport
dbo;GetReport_OrderDetailsBySalesMan;SQL_STORED_PROCEDURE;dbo;Item_Unit;NULL;NULL;GetReport
dbo;GetReport_OrderDetailsBySalesMan;SQL_STORED_PROCEDURE;dbo;Order_Orders;NULL;NULL;GetReport
dbo;GetReport_OrderDetailsBySalesMan;SQL_STORED_PROCEDURE;dbo;Order_OrdersDetails;NULL;NULL;GetReport
dbo;GetReport_OrderDetailsSmall;SQL_STORED_PROCEDURE;dbo;Item_Items;NULL;NULL;GetReport
dbo;GetReport_OrderDetailsSmall;SQL_STORED_PROCEDURE;dbo;Order_Orders;NULL;NULL;GetReport
dbo;GetReport_OrderDetailsSmall;SQL_STORED_PROCEDURE;dbo;Order_OrdersDetails;NULL;NULL;GetReport
dbo;GetReport_OrderDetailsSmall;SQL_STORED_PROCEDURE;dbo;RoundDividingData;NULL;NULL;GetReport
dbo;GetReport_OrderProfit;SQL_STORED_PROCEDURE;dbo;Account_AccountType;NULL;NULL;GetReport
dbo;GetReport_OrderProfit;SQL_STORED_PROCEDURE;dbo;Order_Orders;NULL;NULL;GetReport
dbo;GetReport_OrderProfitByGroup;SQL_STORED_PROCEDURE;dbo;Item_Groups;NULL;NULL;GetReport
dbo;GetReport_OrderProfitByGroup;SQL_STORED_PROCEDURE;dbo;Item_Items;NULL;NULL;GetReport
dbo;GetReport_OrderProfitByGroup;SQL_STORED_PROCEDURE;dbo;Order_Orders;NULL;NULL;GetReport
dbo;GetReport_OrderProfitByGroup;SQL_STORED_PROCEDURE;dbo;Order_OrdersDetails;NULL;NULL;GetReport
dbo;GetReport_OrderProfitByGroup;SQL_STORED_PROCEDURE;dbo;RoundDividingData;NULL;NULL;GetReport
dbo;GetReport_OrderProfitByGroupBySalesMan;SQL_STORED_PROCEDURE;dbo;Account_CustSup;NULL;NULL;GetReport
dbo;GetReport_OrderProfitByGroupBySalesMan;SQL_STORED_PROCEDURE;dbo;Account_SalesMan;NULL;NULL;GetReport
dbo;GetReport_OrderProfitByGroupBySalesMan;SQL_STORED_PROCEDURE;dbo;Item_Groups;NULL;NULL;GetReport
dbo;GetReport_OrderProfitByGroupBySalesMan;SQL_STORED_PROCEDURE;dbo;Item_Items;NULL;NULL;GetReport
dbo;GetReport_OrderProfitByGroupBySalesMan;SQL_STORED_PROCEDURE;dbo;Order_Orders;NULL;NULL;GetReport
dbo;GetReport_OrderProfitByGroupBySalesMan;SQL_STORED_PROCEDURE;dbo;Order_OrdersDetails;NULL;NULL;GetReport
dbo;GetReport_OrderProfitByGroupBySalesMan;SQL_STORED_PROCEDURE;dbo;RoundDividingData;NULL;NULL;GetReport
dbo;GetReport_OrderProfitByItem;SQL_STORED_PROCEDURE;dbo;Item_Groups;NULL;NULL;GetReport
dbo;GetReport_OrderProfitByItem;SQL_STORED_PROCEDURE;dbo;Item_Items;NULL;NULL;GetReport
dbo;GetReport_OrderProfitByItem;SQL_STORED_PROCEDURE;dbo;Order_Orders;NULL;NULL;GetReport
dbo;GetReport_OrderProfitByItem;SQL_STORED_PROCEDURE;dbo;Order_OrdersDetails;NULL;NULL;GetReport
dbo;GetReport_OrderProfitByItem;SQL_STORED_PROCEDURE;dbo;RoundDividingData;NULL;NULL;GetReport
dbo;GetReport_OrderProfitByItem_ItemOnly;SQL_STORED_PROCEDURE;dbo;Item_Groups;NULL;NULL;GetReport
dbo;GetReport_OrderProfitByItem_ItemOnly;SQL_STORED_PROCEDURE;dbo;Item_Items;NULL;NULL;GetReport
dbo;GetReport_OrderProfitByItem_ItemOnly;SQL_STORED_PROCEDURE;dbo;Order_Orders;NULL;NULL;GetReport
dbo;GetReport_OrderProfitByItem_ItemOnly;SQL_STORED_PROCEDURE;dbo;Order_OrdersDetails;NULL;NULL;GetReport
dbo;GetReport_OrderProfitByItem_ItemOnly;SQL_STORED_PROCEDURE;dbo;RoundDividingData;NULL;NULL;GetReport
dbo;GetReport_OrderProfitByItem_ItemOnlyBySalesMan;SQL_STORED_PROCEDURE;dbo;Account_CustSup;NULL;NULL;GetReport
dbo;GetReport_OrderProfitByItem_ItemOnlyBySalesMan;SQL_STORED_PROCEDURE;dbo;Account_SalesMan;NULL;NULL;GetReport
dbo;GetReport_OrderProfitByItem_ItemOnlyBySalesMan;SQL_STORED_PROCEDURE;dbo;Item_Groups;NULL;NULL;GetReport
dbo;GetReport_OrderProfitByItem_ItemOnlyBySalesMan;SQL_STORED_PROCEDURE;dbo;Item_Items;NULL;NULL;GetReport
dbo;GetReport_OrderProfitByItem_ItemOnlyBySalesMan;SQL_STORED_PROCEDURE;dbo;Order_Orders;NULL;NULL;GetReport
dbo;GetReport_OrderProfitByItem_ItemOnlyBySalesMan;SQL_STORED_PROCEDURE;dbo;Order_OrdersDetails;NULL;NULL;GetReport
dbo;GetReport_OrderProfitByItem_ItemOnlyBySalesMan;SQL_STORED_PROCEDURE;dbo;RoundDividingData;NULL;NULL;GetReport
dbo;GetReport_OrderProfitByItemCashierSafryMahly;SQL_STORED_PROCEDURE;dbo;Item_Groups;NULL;NULL;GetReport
dbo;GetReport_OrderProfitByItemCashierSafryMahly;SQL_STORED_PROCEDURE;dbo;Item_Items;NULL;NULL;GetReport
dbo;GetReport_OrderProfitByItemCashierSafryMahly;SQL_STORED_PROCEDURE;dbo;Order_Orders;NULL;NULL;GetReport
dbo;GetReport_OrderProfitByItemCashierSafryMahly;SQL_STORED_PROCEDURE;dbo;Order_OrdersDetails;NULL;NULL;GetReport
dbo;GetReport_OrderProfitBySalesMan;SQL_STORED_PROCEDURE;dbo;Account_AccountType;NULL;NULL;GetReport
dbo;GetReport_OrderProfitBySalesMan;SQL_STORED_PROCEDURE;dbo;Account_CustSup;NULL;NULL;GetReport
dbo;GetReport_OrderProfitBySalesMan;SQL_STORED_PROCEDURE;dbo;Account_SalesMan;NULL;NULL;GetReport
dbo;GetReport_OrderProfitBySalesMan;SQL_STORED_PROCEDURE;dbo;Order_Orders;NULL;NULL;GetReport
dbo;GetReport_OrderRent;SQL_STORED_PROCEDURE;dbo;Item_Items;NULL;NULL;GetReport
dbo;GetReport_OrderRent;SQL_STORED_PROCEDURE;dbo;Item_Unit;NULL;NULL;GetReport
dbo;GetReport_OrderRent;SQL_STORED_PROCEDURE;dbo;OrderRent_Rent;NULL;NULL;GetReport
dbo;GetReport_OrderRent;SQL_STORED_PROCEDURE;dbo;OrderRent_RentDetails;NULL;NULL;GetReport
dbo;GetReport_OrderRent;SQL_STORED_PROCEDURE;dbo;RoundDividingData;NULL;NULL;GetReport
dbo;GetReport_OrderReturnDetails;SQL_STORED_PROCEDURE;dbo;Account_AccountType;NULL;NULL;GetReport
dbo;GetReport_OrderReturnDetails;SQL_STORED_PROCEDURE;dbo;Account_Branch;NULL;NULL;GetReport
dbo;GetReport_OrderReturnDetails;SQL_STORED_PROCEDURE;dbo;Account_Stores;NULL;NULL;GetReport
dbo;GetReport_OrderReturnDetails;SQL_STORED_PROCEDURE;dbo;Item_Items;NULL;NULL;GetReport
dbo;GetReport_OrderReturnDetails;SQL_STORED_PROCEDURE;dbo;Item_Unit;NULL;NULL;GetReport
dbo;GetReport_OrderReturnDetails;SQL_STORED_PROCEDURE;dbo;Order_OrderReturn;NULL;NULL;GetReport
dbo;GetReport_OrderReturnDetails;SQL_STORED_PROCEDURE;dbo;Order_OrderReturnDetails;NULL;NULL;GetReport
dbo;GetReport_OrderReturnDetails;SQL_STORED_PROCEDURE;dbo;RoundDividingData;NULL;NULL;GetReport
dbo;GetReport_OrderReturnDetailsBySalesMan;SQL_STORED_PROCEDURE;dbo;Account_AccountType;NULL;NULL;GetReport
dbo;GetReport_OrderReturnDetailsBySalesMan;SQL_STORED_PROCEDURE;dbo;Account_Branch;NULL;NULL;GetReport
dbo;GetReport_OrderReturnDetailsBySalesMan;SQL_STORED_PROCEDURE;dbo;Account_CustSup;NULL;NULL;GetReport
dbo;GetReport_OrderReturnDetailsBySalesMan;SQL_STORED_PROCEDURE;dbo;Account_SalesMan;NULL;NULL;GetReport
dbo;GetReport_OrderReturnDetailsBySalesMan;SQL_STORED_PROCEDURE;dbo;Account_Stores;NULL;NULL;GetReport
dbo;GetReport_OrderReturnDetailsBySalesMan;SQL_STORED_PROCEDURE;dbo;Item_Items;NULL;NULL;GetReport
dbo;GetReport_OrderReturnDetailsBySalesMan;SQL_STORED_PROCEDURE;dbo;Item_Unit;NULL;NULL;GetReport
dbo;GetReport_OrderReturnDetailsBySalesMan;SQL_STORED_PROCEDURE;dbo;Order_OrderReturn;NULL;NULL;GetReport
dbo;GetReport_OrderReturnDetailsBySalesMan;SQL_STORED_PROCEDURE;dbo;Order_OrderReturnDetails;NULL;NULL;GetReport
dbo;GetReport_OrderReturnDetailsBySalesMan;SQL_STORED_PROCEDURE;dbo;RoundDividingData;NULL;NULL;GetReport
dbo;GetReport_Orders;SQL_STORED_PROCEDURE;dbo;Account_AccountType;NULL;NULL;GetReport
dbo;GetReport_Orders;SQL_STORED_PROCEDURE;dbo;Account_Branch;NULL;NULL;GetReport
dbo;GetReport_Orders;SQL_STORED_PROCEDURE;dbo;Account_CustSup;NULL;NULL;GetReport
dbo;GetReport_Orders;SQL_STORED_PROCEDURE;dbo;Order_Orders;NULL;NULL;GetReport
dbo;GetReport_Orders;SQL_STORED_PROCEDURE;dbo;User_Login;NULL;NULL;GetReport
dbo;GetReport_Orders_ByProperties;SQL_STORED_PROCEDURE;dbo;Account_CustSup;NULL;NULL;GetReport
dbo;GetReport_Orders_ByProperties;SQL_STORED_PROCEDURE;dbo;Account_Stores;NULL;NULL;GetReport
dbo;GetReport_Orders_ByProperties;SQL_STORED_PROCEDURE;dbo;Item_Class;NULL;NULL;GetReport
dbo;GetReport_Orders_ByProperties;SQL_STORED_PROCEDURE;dbo;Item_Company;NULL;NULL;GetReport
dbo;GetReport_Orders_ByProperties;SQL_STORED_PROCEDURE;dbo;Item_Groups;NULL;NULL;GetReport
dbo;GetReport_Orders_ByProperties;SQL_STORED_PROCEDURE;dbo;Item_Items;NULL;NULL;GetReport
dbo;GetReport_Orders_ByProperties;SQL_STORED_PROCEDURE;dbo;Order_Orders;NULL;NULL;GetReport
dbo;GetReport_Orders_ByProperties;SQL_STORED_PROCEDURE;dbo;Order_OrdersDetails;NULL;NULL;GetReport
dbo;GetReport_Orders_ByProperties;SQL_STORED_PROCEDURE;dbo;RoundDividingData;NULL;NULL;GetReport
dbo;GetReport_Orders_ByProperties;SQL_STORED_PROCEDURE;dbo;User_Login;NULL;NULL;GetReport
dbo;GetReport_Orders_CashierSafryMahly;SQL_STORED_PROCEDURE;dbo;Account_AccountType;NULL;NULL;GetReport
dbo;GetReport_Orders_CashierSafryMahly;SQL_STORED_PROCEDURE;dbo;Account_Branch;NULL;NULL;GetReport
dbo;GetReport_Orders_CashierSafryMahly;SQL_STORED_PROCEDURE;dbo;Order_Orders;NULL;NULL;GetReport
dbo;GetReport_Orders_CashierSafryMahly;SQL_STORED_PROCEDURE;dbo;User_Login;NULL;NULL;GetReport
dbo;GetReport_OrdersBounce;SQL_STORED_PROCEDURE;dbo;Account_AccountType;NULL;NULL;GetReport
dbo;GetReport_OrdersBounce;SQL_STORED_PROCEDURE;dbo;Account_Branch;NULL;NULL;GetReport
dbo;GetReport_OrdersBounce;SQL_STORED_PROCEDURE;dbo;Contract_Bounce;NULL;NULL;GetReport
dbo;GetReport_OrdersBounce;SQL_STORED_PROCEDURE;dbo;Order_Orders;NULL;NULL;GetReport
dbo;GetReport_OrdersBounce;SQL_STORED_PROCEDURE;dbo;User_Login;NULL;NULL;GetReport
dbo;GetReport_OrdersBySalesMan;SQL_STORED_PROCEDURE;dbo;Account_AccountType;NULL;NULL;GetReport
dbo;GetReport_OrdersBySalesMan;SQL_STORED_PROCEDURE;dbo;Account_Branch;NULL;NULL;GetReport
dbo;GetReport_OrdersBySalesMan;SQL_STORED_PROCEDURE;dbo;Account_CustSup;NULL;NULL;GetReport
dbo;GetReport_OrdersBySalesMan;SQL_STORED_PROCEDURE;dbo;Account_SalesMan;NULL;NULL;GetReport
dbo;GetReport_OrdersBySalesMan;SQL_STORED_PROCEDURE;dbo;Order_Orders;NULL;NULL;GetReport
dbo;GetReport_OrdersBySalesMan;SQL_STORED_PROCEDURE;dbo;User_Login;NULL;NULL;GetReport
dbo;GetReport_OrdersDateHold;SQL_STORED_PROCEDURE;dbo;Account_AccountType;NULL;NULL;GetReport
dbo;GetReport_OrdersDateHold;SQL_STORED_PROCEDURE;dbo;Account_Branch;NULL;NULL;GetReport
dbo;GetReport_OrdersDateHold;SQL_STORED_PROCEDURE;dbo;Account_CustSup;NULL;NULL;GetReport
dbo;GetReport_OrdersDateHold;SQL_STORED_PROCEDURE;dbo;Order_Orders;NULL;NULL;GetReport
dbo;GetReport_OrdersDateHold;SQL_STORED_PROCEDURE;dbo;User_Login;NULL;NULL;GetReport
dbo;GetReport_OrdersNet_ByProperties;SQL_STORED_PROCEDURE;NULL;t3;NULL;NULL;GetReport
dbo;GetReport_OrdersNet_ByProperties;SQL_STORED_PROCEDURE;dbo;Account_CustSup;NULL;NULL;GetReport
dbo;GetReport_OrdersNet_ByProperties;SQL_STORED_PROCEDURE;dbo;Account_Stores;NULL;NULL;GetReport
dbo;GetReport_OrdersNet_ByProperties;SQL_STORED_PROCEDURE;dbo;Item_Class;NULL;NULL;GetReport
dbo;GetReport_OrdersNet_ByProperties;SQL_STORED_PROCEDURE;dbo;Item_Company;NULL;NULL;GetReport
dbo;GetReport_OrdersNet_ByProperties;SQL_STORED_PROCEDURE;dbo;Item_Groups;NULL;NULL;GetReport
dbo;GetReport_OrdersNet_ByProperties;SQL_STORED_PROCEDURE;dbo;Item_Items;NULL;NULL;GetReport
dbo;GetReport_OrdersNet_ByProperties;SQL_STORED_PROCEDURE;dbo;Order_OrderReturn;NULL;NULL;GetReport
dbo;GetReport_OrdersNet_ByProperties;SQL_STORED_PROCEDURE;dbo;Order_OrderReturnDetails;NULL;NULL;GetReport
dbo;GetReport_OrdersNet_ByProperties;SQL_STORED_PROCEDURE;dbo;Order_Orders;NULL;NULL;GetReport
dbo;GetReport_OrdersNet_ByProperties;SQL_STORED_PROCEDURE;dbo;Order_OrdersDetails;NULL;NULL;GetReport
dbo;GetReport_OrdersNet_ByProperties;SQL_STORED_PROCEDURE;dbo;RoundDividingData;NULL;NULL;GetReport
dbo;GetReport_OrdersNet_ByProperties;SQL_STORED_PROCEDURE;dbo;User_Login;NULL;NULL;GetReport
dbo;GetReport_OrdersNetPurchOnly_ByProperties;SQL_STORED_PROCEDURE;NULL;t5;NULL;NULL;GetReport
dbo;GetReport_OrdersNetPurchOnly_ByProperties;SQL_STORED_PROCEDURE;dbo;Account_CustSup;NULL;NULL;GetReport
dbo;GetReport_OrdersNetPurchOnly_ByProperties;SQL_STORED_PROCEDURE;dbo;Account_Stores;NULL;NULL;GetReport
dbo;GetReport_OrdersNetPurchOnly_ByProperties;SQL_STORED_PROCEDURE;dbo;Item_Class;NULL;NULL;GetReport
dbo;GetReport_OrdersNetPurchOnly_ByProperties;SQL_STORED_PROCEDURE;dbo;Item_Company;NULL;NULL;GetReport
dbo;GetReport_OrdersNetPurchOnly_ByProperties;SQL_STORED_PROCEDURE;dbo;Item_Groups;NULL;NULL;GetReport
dbo;GetReport_OrdersNetPurchOnly_ByProperties;SQL_STORED_PROCEDURE;dbo;Item_Items;NULL;NULL;GetReport
dbo;GetReport_OrdersNetPurchOnly_ByProperties;SQL_STORED_PROCEDURE;dbo;Order_OrderReturn;NULL;NULL;GetReport
dbo;GetReport_OrdersNetPurchOnly_ByProperties;SQL_STORED_PROCEDURE;dbo;Order_OrderReturnDetails;NULL;NULL;GetReport
dbo;GetReport_OrdersNetPurchOnly_ByProperties;SQL_STORED_PROCEDURE;dbo;Order_Orders;NULL;NULL;GetReport
dbo;GetReport_OrdersNetPurchOnly_ByProperties;SQL_STORED_PROCEDURE;dbo;Order_OrdersDetails;NULL;NULL;GetReport
dbo;GetReport_OrdersNetPurchOnly_ByProperties;SQL_STORED_PROCEDURE;dbo;Order_Purchases;NULL;NULL;GetReport
dbo;GetReport_OrdersNetPurchOnly_ByProperties;SQL_STORED_PROCEDURE;dbo;Order_PurchasesDetails;NULL;NULL;GetReport
dbo;GetReport_OrdersNetPurchOnly_ByProperties;SQL_STORED_PROCEDURE;dbo;RoundDividingData;NULL;NULL;GetReport
dbo;GetReport_OrdersNetPurchOnly_ByProperties;SQL_STORED_PROCEDURE;dbo;User_Login;NULL;NULL;GetReport
dbo;GetReport_OrdersPurchNet_ByProperties;SQL_STORED_PROCEDURE;NULL;t5;NULL;NULL;GetReport
dbo;GetReport_OrdersPurchNet_ByProperties;SQL_STORED_PROCEDURE;dbo;Account_CustSup;NULL;NULL;GetReport
dbo;GetReport_OrdersPurchNet_ByProperties;SQL_STORED_PROCEDURE;dbo;Account_Stores;NULL;NULL;GetReport
dbo;GetReport_OrdersPurchNet_ByProperties;SQL_STORED_PROCEDURE;dbo;Item_Class;NULL;NULL;GetReport
dbo;GetReport_OrdersPurchNet_ByProperties;SQL_STORED_PROCEDURE;dbo;Item_Company;NULL;NULL;GetReport
dbo;GetReport_OrdersPurchNet_ByProperties;SQL_STORED_PROCEDURE;dbo;Item_Groups;NULL;NULL;GetReport
dbo;GetReport_OrdersPurchNet_ByProperties;SQL_STORED_PROCEDURE;dbo;Item_Items;NULL;NULL;GetReport
dbo;GetReport_OrdersPurchNet_ByProperties;SQL_STORED_PROCEDURE;dbo;Order_OrderReturn;NULL;NULL;GetReport
dbo;GetReport_OrdersPurchNet_ByProperties;SQL_STORED_PROCEDURE;dbo;Order_OrderReturnDetails;NULL;NULL;GetReport
dbo;GetReport_OrdersPurchNet_ByProperties;SQL_STORED_PROCEDURE;dbo;Order_Orders;NULL;NULL;GetReport
dbo;GetReport_OrdersPurchNet_ByProperties;SQL_STORED_PROCEDURE;dbo;Order_OrdersDetails;NULL;NULL;GetReport
dbo;GetReport_OrdersPurchNet_ByProperties;SQL_STORED_PROCEDURE;dbo;Order_Purchases;NULL;NULL;GetReport
dbo;GetReport_OrdersPurchNet_ByProperties;SQL_STORED_PROCEDURE;dbo;Order_PurchasesDetails;NULL;NULL;GetReport
dbo;GetReport_OrdersPurchNet_ByProperties;SQL_STORED_PROCEDURE;dbo;Order_PurchasesReturn;NULL;NULL;GetReport
dbo;GetReport_OrdersPurchNet_ByProperties;SQL_STORED_PROCEDURE;dbo;Order_PurchasesReturnDetails;NULL;NULL;GetReport
dbo;GetReport_OrdersPurchNet_ByProperties;SQL_STORED_PROCEDURE;dbo;RoundDividingData;NULL;NULL;GetReport
dbo;GetReport_OrdersPurchNet_ByProperties;SQL_STORED_PROCEDURE;dbo;User_Login;NULL;NULL;GetReport
dbo;GetReport_OrdersReturn;SQL_STORED_PROCEDURE;dbo;Account_AccountType;NULL;NULL;GetReport
dbo;GetReport_OrdersReturn;SQL_STORED_PROCEDURE;dbo;Account_Branch;NULL;NULL;GetReport
dbo;GetReport_OrdersReturn;SQL_STORED_PROCEDURE;dbo;Order_OrderReturn;NULL;NULL;GetReport
dbo;GetReport_OrdersReturn;SQL_STORED_PROCEDURE;dbo;RoundDividingData;NULL;NULL;GetReport
dbo;GetReport_OrdersReturn;SQL_STORED_PROCEDURE;dbo;User_Login;NULL;NULL;GetReport
dbo;GetReport_OrdersReturn_ByProperties;SQL_STORED_PROCEDURE;dbo;Account_CustSup;NULL;NULL;GetReport
dbo;GetReport_OrdersReturn_ByProperties;SQL_STORED_PROCEDURE;dbo;Account_Stores;NULL;NULL;GetReport
dbo;GetReport_OrdersReturn_ByProperties;SQL_STORED_PROCEDURE;dbo;Item_Class;NULL;NULL;GetReport
dbo;GetReport_OrdersReturn_ByProperties;SQL_STORED_PROCEDURE;dbo;Item_Company;NULL;NULL;GetReport
dbo;GetReport_OrdersReturn_ByProperties;SQL_STORED_PROCEDURE;dbo;Item_Groups;NULL;NULL;GetReport
dbo;GetReport_OrdersReturn_ByProperties;SQL_STORED_PROCEDURE;dbo;Item_Items;NULL;NULL;GetReport
dbo;GetReport_OrdersReturn_ByProperties;SQL_STORED_PROCEDURE;dbo;Order_OrderReturn;NULL;NULL;GetReport
dbo;GetReport_OrdersReturn_ByProperties;SQL_STORED_PROCEDURE;dbo;Order_OrderReturnDetails;NULL;NULL;GetReport
dbo;GetReport_OrdersReturn_ByProperties;SQL_STORED_PROCEDURE;dbo;RoundDividingData;NULL;NULL;GetReport
dbo;GetReport_OrdersReturn_ByProperties;SQL_STORED_PROCEDURE;dbo;User_Login;NULL;NULL;GetReport
dbo;GetReport_OrdersReturnBySalesMan;SQL_STORED_PROCEDURE;dbo;Account_AccountType;NULL;NULL;GetReport
dbo;GetReport_OrdersReturnBySalesMan;SQL_STORED_PROCEDURE;dbo;Account_Branch;NULL;NULL;GetReport
dbo;GetReport_OrdersReturnBySalesMan;SQL_STORED_PROCEDURE;dbo;Account_CustSup;NULL;NULL;GetReport
dbo;GetReport_OrdersReturnBySalesMan;SQL_STORED_PROCEDURE;dbo;Account_SalesMan;NULL;NULL;GetReport
dbo;GetReport_OrdersReturnBySalesMan;SQL_STORED_PROCEDURE;dbo;Order_OrderReturn;NULL;NULL;GetReport
dbo;GetReport_OrdersReturnBySalesMan;SQL_STORED_PROCEDURE;dbo;User_Login;NULL;NULL;GetReport
dbo;GetReport_Project;SQL_STORED_PROCEDURE;dbo;Account_CostCenters;NULL;NULL;GetReport
dbo;GetReport_Project;SQL_STORED_PROCEDURE;dbo;Account_Projects;NULL;NULL;GetReport
dbo;GetReport_Project;SQL_STORED_PROCEDURE;dbo;Account_ProjectsDetails;NULL;NULL;GetReport
dbo;GetReport_Project;SQL_STORED_PROCEDURE;dbo;GetViewCostCentersPrivtCreditBalance;NULL;NULL;GetReport
dbo;GetReport_Project;SQL_STORED_PROCEDURE;dbo;GetViewCostCentersPrivtDebitBalance;NULL;NULL;GetReport
dbo;GetReport_Project;SQL_STORED_PROCEDURE;dbo;Order_Orders;NULL;NULL;GetReport
dbo;GetReport_Project;SQL_STORED_PROCEDURE;dbo;RoundDividingData;NULL;NULL;GetReport
dbo;GetReport_Project;SQL_STORED_PROCEDURE;dbo;Subtraction;NULL;NULL;GetReport
dbo;GetReport_Project;SQL_STORED_PROCEDURE;dbo;ViewTranMaterDetails;NULL;NULL;GetReport
dbo;GetReport_PurchaesReturnDetails;SQL_STORED_PROCEDURE;dbo;Account_AccountType;NULL;NULL;GetReport
dbo;GetReport_PurchaesReturnDetails;SQL_STORED_PROCEDURE;dbo;Account_Branch;NULL;NULL;GetReport
dbo;GetReport_PurchaesReturnDetails;SQL_STORED_PROCEDURE;dbo;Account_Stores;NULL;NULL;GetReport
dbo;GetReport_PurchaesReturnDetails;SQL_STORED_PROCEDURE;dbo;Item_Items;NULL;NULL;GetReport
dbo;GetReport_PurchaesReturnDetails;SQL_STORED_PROCEDURE;dbo;Item_Unit;NULL;NULL;GetReport
dbo;GetReport_PurchaesReturnDetails;SQL_STORED_PROCEDURE;dbo;Order_PurchasesReturn;NULL;NULL;GetReport
dbo;GetReport_PurchaesReturnDetails;SQL_STORED_PROCEDURE;dbo;Order_PurchasesReturnDetails;NULL;NULL;GetReport
dbo;GetReport_PurchaesReturnDetails;SQL_STORED_PROCEDURE;dbo;RoundDividingData;NULL;NULL;GetReport
dbo;GetReport_PurchasesNet_ByProperties;SQL_STORED_PROCEDURE;NULL;t3;NULL;NULL;GetReport
dbo;GetReport_PurchasesNet_ByProperties;SQL_STORED_PROCEDURE;dbo;Account_CustSup;NULL;NULL;GetReport
dbo;GetReport_PurchasesNet_ByProperties;SQL_STORED_PROCEDURE;dbo;Account_Stores;NULL;NULL;GetReport
dbo;GetReport_PurchasesNet_ByProperties;SQL_STORED_PROCEDURE;dbo;Item_Class;NULL;NULL;GetReport
dbo;GetReport_PurchasesNet_ByProperties;SQL_STORED_PROCEDURE;dbo;Item_Company;NULL;NULL;GetReport
dbo;GetReport_PurchasesNet_ByProperties;SQL_STORED_PROCEDURE;dbo;Item_Groups;NULL;NULL;GetReport
dbo;GetReport_PurchasesNet_ByProperties;SQL_STORED_PROCEDURE;dbo;Item_Items;NULL;NULL;GetReport
dbo;GetReport_PurchasesNet_ByProperties;SQL_STORED_PROCEDURE;dbo;Order_Purchases;NULL;NULL;GetReport
dbo;GetReport_PurchasesNet_ByProperties;SQL_STORED_PROCEDURE;dbo;Order_PurchasesDetails;NULL;NULL;GetReport
dbo;GetReport_PurchasesNet_ByProperties;SQL_STORED_PROCEDURE;dbo;Order_PurchasesReturn;NULL;NULL;GetReport
dbo;GetReport_PurchasesNet_ByProperties;SQL_STORED_PROCEDURE;dbo;Order_PurchasesReturnDetails;NULL;NULL;GetReport
dbo;GetReport_PurchasesNet_ByProperties;SQL_STORED_PROCEDURE;dbo;RoundDividingData;NULL;NULL;GetReport
dbo;GetReport_PurchasesNet_ByProperties;SQL_STORED_PROCEDURE;dbo;User_Login;NULL;NULL;GetReport
dbo;GetReport_Purches;SQL_STORED_PROCEDURE;dbo;Account_AccountType;NULL;NULL;GetReport
dbo;GetReport_Purches;SQL_STORED_PROCEDURE;dbo;Account_Branch;NULL;NULL;GetReport
dbo;GetReport_Purches;SQL_STORED_PROCEDURE;dbo;Order_Purchases;NULL;NULL;GetReport
dbo;GetReport_Purches;SQL_STORED_PROCEDURE;dbo;RoundDividingData;NULL;NULL;GetReport
dbo;GetReport_Purches;SQL_STORED_PROCEDURE;dbo;User_Login;NULL;NULL;GetReport
dbo;GetReport_Purches_ByProperties;SQL_STORED_PROCEDURE;dbo;Account_CustSup;NULL;NULL;GetReport
dbo;GetReport_Purches_ByProperties;SQL_STORED_PROCEDURE;dbo;Account_Stores;NULL;NULL;GetReport
dbo;GetReport_Purches_ByProperties;SQL_STORED_PROCEDURE;dbo;Item_Class;NULL;NULL;GetReport
dbo;GetReport_Purches_ByProperties;SQL_STORED_PROCEDURE;dbo;Item_Company;NULL;NULL;GetReport
dbo;GetReport_Purches_ByProperties;SQL_STORED_PROCEDURE;dbo;Item_Groups;NULL;NULL;GetReport
dbo;GetReport_Purches_ByProperties;SQL_STORED_PROCEDURE;dbo;Item_Items;NULL;NULL;GetReport
dbo;GetReport_Purches_ByProperties;SQL_STORED_PROCEDURE;dbo;Order_Purchases;NULL;NULL;GetReport
dbo;GetReport_Purches_ByProperties;SQL_STORED_PROCEDURE;dbo;Order_PurchasesDetails;NULL;NULL;GetReport
dbo;GetReport_Purches_ByProperties;SQL_STORED_PROCEDURE;dbo;RoundDividingData;NULL;NULL;GetReport
dbo;GetReport_Purches_ByProperties;SQL_STORED_PROCEDURE;dbo;User_Login;NULL;NULL;GetReport
dbo;GetReport_PurchesDetails;SQL_STORED_PROCEDURE;dbo;Account_AccountType;NULL;NULL;GetReport
dbo;GetReport_PurchesDetails;SQL_STORED_PROCEDURE;dbo;Account_Branch;NULL;NULL;GetReport
dbo;GetReport_PurchesDetails;SQL_STORED_PROCEDURE;dbo;Account_Stores;NULL;NULL;GetReport
dbo;GetReport_PurchesDetails;SQL_STORED_PROCEDURE;dbo;Item_Items;NULL;NULL;GetReport
dbo;GetReport_PurchesDetails;SQL_STORED_PROCEDURE;dbo;Item_Unit;NULL;NULL;GetReport
dbo;GetReport_PurchesDetails;SQL_STORED_PROCEDURE;dbo;Order_Purchases;NULL;NULL;GetReport
dbo;GetReport_PurchesDetails;SQL_STORED_PROCEDURE;dbo;Order_PurchasesDetails;NULL;NULL;GetReport
dbo;GetReport_PurchesDetails;SQL_STORED_PROCEDURE;dbo;RoundDividingData;NULL;NULL;GetReport
dbo;GetReport_PurchesReturn;SQL_STORED_PROCEDURE;dbo;Account_AccountType;NULL;NULL;GetReport
dbo;GetReport_PurchesReturn;SQL_STORED_PROCEDURE;dbo;Account_Branch;NULL;NULL;GetReport
dbo;GetReport_PurchesReturn;SQL_STORED_PROCEDURE;dbo;Order_PurchasesReturn;NULL;NULL;GetReport
dbo;GetReport_PurchesReturn;SQL_STORED_PROCEDURE;dbo;RoundDividingData;NULL;NULL;GetReport
dbo;GetReport_PurchesReturn;SQL_STORED_PROCEDURE;dbo;User_Login;NULL;NULL;GetReport
dbo;GetReport_PurchesReturn_ByProperties;SQL_STORED_PROCEDURE;dbo;Account_CustSup;NULL;NULL;GetReport
dbo;GetReport_PurchesReturn_ByProperties;SQL_STORED_PROCEDURE;dbo;Account_Stores;NULL;NULL;GetReport
dbo;GetReport_PurchesReturn_ByProperties;SQL_STORED_PROCEDURE;dbo;Item_Class;NULL;NULL;GetReport
dbo;GetReport_PurchesReturn_ByProperties;SQL_STORED_PROCEDURE;dbo;Item_Company;NULL;NULL;GetReport
dbo;GetReport_PurchesReturn_ByProperties;SQL_STORED_PROCEDURE;dbo;Item_Groups;NULL;NULL;GetReport
dbo;GetReport_PurchesReturn_ByProperties;SQL_STORED_PROCEDURE;dbo;Item_Items;NULL;NULL;GetReport
dbo;GetReport_PurchesReturn_ByProperties;SQL_STORED_PROCEDURE;dbo;Order_PurchasesReturn;NULL;NULL;GetReport
dbo;GetReport_PurchesReturn_ByProperties;SQL_STORED_PROCEDURE;dbo;Order_PurchasesReturnDetails;NULL;NULL;GetReport
dbo;GetReport_PurchesReturn_ByProperties;SQL_STORED_PROCEDURE;dbo;RoundDividingData;NULL;NULL;GetReport
dbo;GetReport_PurchesReturn_ByProperties;SQL_STORED_PROCEDURE;dbo;User_Login;NULL;NULL;GetReport
dbo;GetReport_RentalExpensesDetails;SQL_STORED_PROCEDURE;dbo;RentalExpenses;NULL;NULL;GetReport
dbo;GetReport_RentalExpensesDetails;SQL_STORED_PROCEDURE;dbo;RentalExpensesDetails;NULL;NULL;GetReport
dbo;GetReport_RevenuesAndExpensesByItemCode;SQL_STORED_PROCEDURE;dbo;Item_Items;NULL;NULL;GetReport
dbo;GetReport_RevenuesAndExpensesByItemCode;SQL_STORED_PROCEDURE;dbo;OrderRent_Recipt3;NULL;NULL;GetReport
dbo;GetReport_RevenuesAndExpensesByItemCode;SQL_STORED_PROCEDURE;dbo;OrderRent_RecpitDetails3;NULL;NULL;GetReport
dbo;GetReport_RevenuesAndExpensesByItemCode;SQL_STORED_PROCEDURE;dbo;RentalExpenses;NULL;NULL;GetReport
dbo;GetReport_RevenuesAndExpensesByItemCode;SQL_STORED_PROCEDURE;dbo;RentalExpensesDetails;NULL;NULL;GetReport
dbo;GetReport_TobaccoTax;SQL_STORED_PROCEDURE;dbo;Order_OrderReturn;NULL;NULL;GetReport
dbo;GetReport_TobaccoTax;SQL_STORED_PROCEDURE;dbo;Order_Orders;NULL;NULL;GetReport
dbo;GetReport_TransActionItems;SQL_STORED_PROCEDURE;dbo;Item_Groups;NULL;NULL;GetReport
dbo;GetReport_TransActionItems;SQL_STORED_PROCEDURE;dbo;Item_Items;NULL;NULL;GetReport
dbo;GetReport_TransActionItems;SQL_STORED_PROCEDURE;dbo;Item_Unit;NULL;NULL;GetReport
dbo;GetReport_TransActionItems;SQL_STORED_PROCEDURE;dbo;ItemQuantity;NULL;NULL;GetReport
dbo;GetReport_TransActionItems;SQL_STORED_PROCEDURE;dbo;Order_InventorySettlementMinusDetails;NULL;NULL;GetReport
dbo;GetReport_TransActionItems;SQL_STORED_PROCEDURE;dbo;Order_OpenQuantityDetails;NULL;NULL;GetReport
dbo;GetReport_TransActionItems;SQL_STORED_PROCEDURE;dbo;Order_OrderReturnDetails;NULL;NULL;GetReport
dbo;GetReport_TransActionItems;SQL_STORED_PROCEDURE;dbo;Order_OrdersDetails;NULL;NULL;GetReport
dbo;GetReport_TransActionItems;SQL_STORED_PROCEDURE;dbo;Order_PaymentItemDetails;NULL;NULL;GetReport
dbo;GetReport_TransActionItems;SQL_STORED_PROCEDURE;dbo;Order_PurchasesDetails;NULL;NULL;GetReport
dbo;GetReport_TransActionItems;SQL_STORED_PROCEDURE;dbo;Order_PurchasesReturnDetails;NULL;NULL;GetReport
dbo;GetReport_TransActionItems;SQL_STORED_PROCEDURE;dbo;Order_TransferFromBranchDetails;NULL;NULL;GetReport
dbo;GetReport_TransActionItems;SQL_STORED_PROCEDURE;dbo;Order_TransferToBranchDetails;NULL;NULL;GetReport
dbo;GetReport_VatReport;SQL_STORED_PROCEDURE;dbo;Account_Receipts;NULL;NULL;GetReport
dbo;GetReport_VatReport;SQL_STORED_PROCEDURE;dbo;Account_ReceiptsDetails;NULL;NULL;GetReport
dbo;GetReport_VatReport;SQL_STORED_PROCEDURE;dbo;Order_OrderReturn;NULL;NULL;GetReport
dbo;GetReport_VatReport;SQL_STORED_PROCEDURE;dbo;Order_OrderReturnDetails;NULL;NULL;GetReport
dbo;GetReport_VatReport;SQL_STORED_PROCEDURE;dbo;Order_Orders;NULL;NULL;GetReport
dbo;GetReport_VatReport;SQL_STORED_PROCEDURE;dbo;Order_OrdersDetails;NULL;NULL;GetReport
dbo;GetReport_VatReport;SQL_STORED_PROCEDURE;dbo;Order_Purchases;NULL;NULL;GetReport
dbo;GetReport_VatReport;SQL_STORED_PROCEDURE;dbo;Order_PurchasesDetails;NULL;NULL;GetReport
dbo;GetReport_VatReport;SQL_STORED_PROCEDURE;dbo;Order_PurchasesReturn;NULL;NULL;GetReport
dbo;GetReport_VatReport;SQL_STORED_PROCEDURE;dbo;Order_PurchasesReturnDetails;NULL;NULL;GetReport
dbo;GetReport_Wedding;SQL_STORED_PROCEDURE;;spt_values;master;NULL;GetReport
dbo;GetReport_Wedding;SQL_STORED_PROCEDURE;dbo;Order_Orders;NULL;NULL;GetReport
dbo;GetReportItemLimit;SQL_STORED_PROCEDURE;dbo;Item_Items;NULL;NULL;GetReportItemLimit
dbo;GetReportItemLimit;SQL_STORED_PROCEDURE;dbo;ItemQuantity;NULL;NULL;GetReportItemLimit
dbo;GetReportItemLimit;SQL_STORED_PROCEDURE;dbo;RoundDividingData;NULL;NULL;GetReportItemLimit
dbo;GetRes;SQL_STORED_PROCEDURE;dbo;Account_Accounts;NULL;NULL;GetRes
dbo;GetRes;SQL_STORED_PROCEDURE;dbo;Account_CustSup;NULL;NULL;GetRes
dbo;GetRes;SQL_STORED_PROCEDURE;dbo;Account_Receipts;NULL;NULL;GetRes
dbo;GetRes;SQL_STORED_PROCEDURE;dbo;Scaffolds_Contract;NULL;NULL;GetRes
dbo;GetTotal_DalalaQuantity;SQL_STORED_PROCEDURE;dbo;OrderDalala_DalalaDetails;NULL;NULL;GetTotal
dbo;GetTotalAvergForSore_ByGroup;SQL_STORED_PROCEDURE;dbo;Item_Groups;NULL;NULL;GetTotalAvergForSore
dbo;GetTotalAvergForSore_ByGroup;SQL_STORED_PROCEDURE;dbo;Item_Items;NULL;NULL;GetTotalAvergForSore
dbo;GetTotalAvergForSore_ByGroup;SQL_STORED_PROCEDURE;dbo;ItemQuantity;NULL;NULL;GetTotalAvergForSore
dbo;GetTotalAvergForSore_ByGroup;SQL_STORED_PROCEDURE;dbo;RoundDividingData;NULL;NULL;GetTotalAvergForSore
dbo;GetTotalAvergForSore_ByItem;SQL_STORED_PROCEDURE;dbo;Item_Items;NULL;NULL;GetTotalAvergForSore
dbo;GetTotalAvergForSore_ByItem;SQL_STORED_PROCEDURE;dbo;Item_Unit;NULL;NULL;GetTotalAvergForSore
dbo;GetTotalAvergForSore_ByItem;SQL_STORED_PROCEDURE;dbo;ItemQuantity;NULL;NULL;GetTotalAvergForSore
dbo;GetTotalAvergForSore_ByItem;SQL_STORED_PROCEDURE;dbo;RoundDividingData;NULL;NULL;GetTotalAvergForSore
dbo;GetTotalAvergForSoreScaffolds_ByItem;SQL_STORED_PROCEDURE;dbo;Item_Items;NULL;NULL;GetTotalAvergForSoreScaffolds
dbo;GetTotalAvergForSoreScaffolds_ByItem;SQL_STORED_PROCEDURE;dbo;Item_Unit;NULL;NULL;GetTotalAvergForSoreScaffolds
dbo;GetTotalAvergForSoreScaffolds_ByItem;SQL_STORED_PROCEDURE;dbo;ItemQuantity;NULL;NULL;GetTotalAvergForSoreScaffolds
dbo;GetTotalAvergForSoreScaffolds_ByItem;SQL_STORED_PROCEDURE;dbo;Order_PurchasesDetails;NULL;NULL;GetTotalAvergForSoreScaffolds
dbo;GetTotalAvergForSoreScaffolds_ByItem;SQL_STORED_PROCEDURE;dbo;RoundDividingData;NULL;NULL;GetTotalAvergForSoreScaffolds
dbo;GetTotalMoneyByProjectId;SQL_STORED_PROCEDURE;dbo;Account_Receipts;NULL;NULL;GetTotalMoneyByProjectId
dbo;GetTranBalnce;SQL_SCALAR_FUNCTION;dbo;Tran_TranDetails;NULL;NULL;GetTranBalnce
dbo;GetTranTeacher;SQL_STORED_PROCEDURE;dbo;Account_Accounts;NULL;NULL;GetTranTeacher
dbo;GetTranTeacher;SQL_STORED_PROCEDURE;dbo;RoundDividingData;NULL;NULL;GetTranTeacher
dbo;GetTranTeacher;SQL_STORED_PROCEDURE;dbo;Tran_Tran;NULL;NULL;GetTranTeacher
dbo;GetTranTeacher;SQL_STORED_PROCEDURE;dbo;Tran_TranDetails;NULL;NULL;GetTranTeacher
dbo;GetTranTeacher;SQL_STORED_PROCEDURE;dbo;Tran_Type;NULL;NULL;GetTranTeacher
dbo;GetTranTeacherByAccountCashBox;SQL_STORED_PROCEDURE;dbo;Account_Accounts;NULL;NULL;GetTranTeacherByAccountCashBox
dbo;GetTranTeacherByAccountCashBox;SQL_STORED_PROCEDURE;dbo;Tran_Tran;NULL;NULL;GetTranTeacherByAccountCashBox
dbo;GetTranTeacherByAccountCashBox;SQL_STORED_PROCEDURE;dbo;Tran_TranDetails;NULL;NULL;GetTranTeacherByAccountCashBox
dbo;GetTranTeacherByAccountCashBox;SQL_STORED_PROCEDURE;dbo;Tran_Type;NULL;NULL;GetTranTeacherByAccountCashBox
dbo;GetTreeNodeLevel;SQL_SCALAR_FUNCTION;dbo;Account_Accounts;NULL;NULL;GetTreeNodeLevel
dbo;GetTreeNodeLevel;SQL_SCALAR_FUNCTION;dbo;GetTreeNodeLevel;NULL;NULL;GetTreeNodeLevel
dbo;GetUnitNameByID;SQL_STORED_PROCEDURE;dbo;Item_Unit;NULL;NULL;GetUnitNameByID
dbo;GetViewCostCentersPrivtCreditBalance;SQL_SCALAR_FUNCTION;dbo;Account_CostCenters;NULL;NULL;GetViewCostCentersPrivtCreditBalance
dbo;GetViewCostCentersPrivtCreditBalance;SQL_SCALAR_FUNCTION;dbo;DatePart;NULL;NULL;GetViewCostCentersPrivtCreditBalance
dbo;GetViewCostCentersPrivtCreditBalance;SQL_SCALAR_FUNCTION;dbo;ViewTranMaterDetails;NULL;NULL;GetViewCostCentersPrivtCreditBalance
dbo;GetViewCostCentersPrivtDebitBalance;SQL_SCALAR_FUNCTION;dbo;Account_CostCenters;NULL;NULL;GetViewCostCentersPrivtDebitBalance
dbo;GetViewCostCentersPrivtDebitBalance;SQL_SCALAR_FUNCTION;dbo;DatePart;NULL;NULL;GetViewCostCentersPrivtDebitBalance
dbo;GetViewCostCentersPrivtDebitBalance;SQL_SCALAR_FUNCTION;dbo;ViewTranMaterDetails;NULL;NULL;GetViewCostCentersPrivtDebitBalance
dbo;GetViewPrivtCreditBalance;SQL_SCALAR_FUNCTION;dbo;AccountStartBalance;NULL;NULL;GetViewPrivtCreditBalance
dbo;GetViewPrivtCreditBalance;SQL_SCALAR_FUNCTION;dbo;DatePart;NULL;NULL;GetViewPrivtCreditBalance
dbo;GetViewPrivtCreditBalance;SQL_SCALAR_FUNCTION;dbo;Tran_Tran;NULL;NULL;GetViewPrivtCreditBalance
dbo;GetViewPrivtCreditBalance;SQL_SCALAR_FUNCTION;dbo;Tran_TranDetails;NULL;NULL;GetViewPrivtCreditBalance
dbo;GetViewPrivtDebitBalance;SQL_SCALAR_FUNCTION;dbo;AccountStartBalance;NULL;NULL;GetViewPrivtDebitBalance
dbo;GetViewPrivtDebitBalance;SQL_SCALAR_FUNCTION;dbo;DatePart;NULL;NULL;GetViewPrivtDebitBalance
dbo;GetViewPrivtDebitBalance;SQL_SCALAR_FUNCTION;dbo;Tran_Tran;NULL;NULL;GetViewPrivtDebitBalance
dbo;GetViewPrivtDebitBalance;SQL_SCALAR_FUNCTION;dbo;Tran_TranDetails;NULL;NULL;GetViewPrivtDebitBalance
dbo;Insert_Gard;SQL_STORED_PROCEDURE;NULL;Insert_GardDetails;NULL;NULL;Insert
dbo;Insert_Gard;SQL_STORED_PROCEDURE;NULL;Items_Gard;NULL;NULL;Insert
dbo;Insert_Gard;SQL_STORED_PROCEDURE;dbo;Order_Gard;NULL;NULL;Insert
dbo;Insert_GardDetails;SQL_STORED_PROCEDURE;NULL;Items_Gard;NULL;NULL;Insert
dbo;Insert_GardDetails;SQL_STORED_PROCEDURE;dbo;ItemQuantity;NULL;NULL;Insert
dbo;Insert_GardDetails;SQL_STORED_PROCEDURE;dbo;Order_GardDetails;NULL;NULL;Insert
dbo;Insert_Item_Unit;SQL_STORED_PROCEDURE;dbo;Item_Unit;NULL;NULL;Insert
dbo;Insert_Items;SQL_STORED_PROCEDURE;NULL;Item_Items;NULL;NULL;Insert
dbo;Insert_Items;SQL_STORED_PROCEDURE;dbo;Item_Items;NULL;NULL;Insert
dbo;Insert_ItemsByExecl;SQL_STORED_PROCEDURE;NULL;ItemsFromExcel;NULL;NULL;Insert
dbo;Insert_ItemsByExecl;SQL_STORED_PROCEDURE;dbo;Item_Items;NULL;NULL;Insert
dbo;Insert_OpenQuantity;SQL_STORED_PROCEDURE;NULL;Insert_OpenQuantityDetails;NULL;NULL;Insert
dbo;Insert_OpenQuantity;SQL_STORED_PROCEDURE;NULL;Items_OpenQuantity;NULL;NULL;Insert
dbo;Insert_OpenQuantity;SQL_STORED_PROCEDURE;dbo;Order_OpenQuantity;NULL;NULL;Insert
dbo;Insert_OpenQuantityDetails;SQL_STORED_PROCEDURE;NULL;Items_OpenQuantity;NULL;NULL;Insert
dbo;Insert_OpenQuantityDetails;SQL_STORED_PROCEDURE;dbo;Get_AvergItem;NULL;NULL;Insert
dbo;Insert_OpenQuantityDetails;SQL_STORED_PROCEDURE;dbo;Item_Items;NULL;NULL;Insert
dbo;Insert_OpenQuantityDetails;SQL_STORED_PROCEDURE;dbo;ItemComponentQuantity_IN;NULL;NULL;Insert
dbo;Insert_OpenQuantityDetails;SQL_STORED_PROCEDURE;dbo;ItemQuantity_IN;NULL;NULL;Insert
dbo;Insert_OpenQuantityDetails;SQL_STORED_PROCEDURE;dbo;Order_OpenQuantityDetails;NULL;NULL;Insert
dbo;Insert_Order_Order_ALL;SQL_STORED_PROCEDURE;NULL;Items_Orders;NULL;NULL;Insert
dbo;Insert_Order_Order_ALL;SQL_STORED_PROCEDURE;dbo;Account_Accounts;NULL;NULL;Insert
dbo;Insert_Order_Order_ALL;SQL_STORED_PROCEDURE;dbo;Account_CustSup;NULL;NULL;Insert
dbo;Insert_Order_Order_ALL;SQL_STORED_PROCEDURE;dbo;Account_DefualtAccount2;NULL;NULL;Insert
dbo;Insert_Order_Order_ALL;SQL_STORED_PROCEDURE;dbo;Insert_Order_OrdersDetails;NULL;NULL;Insert
dbo;Insert_Order_Order_ALL;SQL_STORED_PROCEDURE;dbo;Insert_Tran_Tran;NULL;NULL;Insert
dbo;Insert_Order_Order_ALL;SQL_STORED_PROCEDURE;dbo;INSERT_Tran_TranDetails;NULL;NULL;Insert
dbo;Insert_Order_Order_ALL;SQL_STORED_PROCEDURE;dbo;Order_Orders;NULL;NULL;Insert
dbo;Insert_Order_Order_ALL;SQL_STORED_PROCEDURE;dbo;Order_Orders;NULL;NULL;Insert
dbo;Insert_Order_Order_ALL_Draft;SQL_STORED_PROCEDURE;NULL;Items_Orders;NULL;NULL;Insert
dbo;Insert_Order_Order_ALL_Draft;SQL_STORED_PROCEDURE;dbo;Insert_Order_OrdersDetailsDraft;NULL;NULL;Insert
dbo;Insert_Order_Order_ALL_Draft;SQL_STORED_PROCEDURE;dbo;Order_OrdersDraft;NULL;NULL;Insert
dbo;Insert_Order_Order_ALL_Draft;SQL_STORED_PROCEDURE;dbo;Order_OrdersDraft;NULL;NULL;Insert
dbo;Insert_Order_Order_ALL2;SQL_STORED_PROCEDURE;NULL;Items_Orders;NULL;NULL;Insert
dbo;Insert_Order_Order_ALL2;SQL_STORED_PROCEDURE;dbo;Account_Accounts;NULL;NULL;Insert
dbo;Insert_Order_Order_ALL2;SQL_STORED_PROCEDURE;dbo;Account_CustSup;NULL;NULL;Insert
dbo;Insert_Order_Order_ALL2;SQL_STORED_PROCEDURE;dbo;Account_DefualtAccount2;NULL;NULL;Insert
dbo;Insert_Order_Order_ALL2;SQL_STORED_PROCEDURE;dbo;Insert_Order_OrdersDetails;NULL;NULL;Insert
dbo;Insert_Order_Order_ALL2;SQL_STORED_PROCEDURE;dbo;Insert_Tran_Tran;NULL;NULL;Insert
dbo;Insert_Order_Order_ALL2;SQL_STORED_PROCEDURE;dbo;INSERT_Tran_TranDetails;NULL;NULL;Insert
dbo;Insert_Order_Order_ALL2;SQL_STORED_PROCEDURE;dbo;Order_Orders;NULL;NULL;Insert
dbo;Insert_Order_OrdersDetails;SQL_STORED_PROCEDURE;NULL;Items_Orders;NULL;NULL;Insert
dbo;Insert_Order_OrdersDetails;SQL_STORED_PROCEDURE;dbo;Item_Items;NULL;NULL;Insert
dbo;Insert_Order_OrdersDetails;SQL_STORED_PROCEDURE;dbo;ItemComponentQuantity_Out;NULL;NULL;Insert
dbo;Insert_Order_OrdersDetails;SQL_STORED_PROCEDURE;dbo;ItemQuantity_IN;NULL;NULL;Insert
dbo;Insert_Order_OrdersDetails;SQL_STORED_PROCEDURE;dbo;ItemQuantity_Out;NULL;NULL;Insert
dbo;Insert_Order_OrdersDetails;SQL_STORED_PROCEDURE;dbo;Order_OrdersDetails;NULL;NULL;Insert
dbo;Insert_Order_OrdersDetails;SQL_STORED_PROCEDURE;dbo;TblSetting;NULL;NULL;Insert
dbo;Insert_Order_OrdersDetails_Restaurant_A;SQL_STORED_PROCEDURE;NULL;Items_Orders_Restaurant;NULL;NULL;Insert
dbo;Insert_Order_OrdersDetails_Restaurant_A;SQL_STORED_PROCEDURE;dbo;Item_Items;NULL;NULL;Insert
dbo;Insert_Order_OrdersDetails_Restaurant_A;SQL_STORED_PROCEDURE;dbo;ItemComponentQuantity_Out;NULL;NULL;Insert
dbo;Insert_Order_OrdersDetails_Restaurant_A;SQL_STORED_PROCEDURE;dbo;ItemQuantity_IN;NULL;NULL;Insert
dbo;Insert_Order_OrdersDetails_Restaurant_A;SQL_STORED_PROCEDURE;dbo;ItemQuantity_Out;NULL;NULL;Insert
dbo;Insert_Order_OrdersDetails_Restaurant_A;SQL_STORED_PROCEDURE;dbo;Order_OrdersDetails;NULL;NULL;Insert
dbo;Insert_Order_OrdersDetails_Restaurant_A;SQL_STORED_PROCEDURE;dbo;TblSetting;NULL;NULL;Insert
dbo;Insert_Order_OrdersDetailsDraft;SQL_STORED_PROCEDURE;NULL;Items_Orders;NULL;NULL;Insert
dbo;Insert_Order_OrdersDetailsDraft;SQL_STORED_PROCEDURE;dbo;Item_Items;NULL;NULL;Insert
dbo;Insert_Order_OrdersDetailsDraft;SQL_STORED_PROCEDURE;dbo;Order_OrdersDetailsDraft;NULL;NULL;Insert
dbo;Insert_Order_OrdersDetailsDraft;SQL_STORED_PROCEDURE;dbo;TblSetting;NULL;NULL;Insert
dbo;Insert_Order_Purchases;SQL_STORED_PROCEDURE;NULL;Items_Purches;NULL;NULL;Insert
dbo;Insert_Order_Purchases;SQL_STORED_PROCEDURE;dbo;Account_Accounts;NULL;NULL;Insert
dbo;Insert_Order_Purchases;SQL_STORED_PROCEDURE;dbo;Account_CustSup;NULL;NULL;Insert
dbo;Insert_Order_Purchases;SQL_STORED_PROCEDURE;dbo;Account_DefualtAccount2;NULL;NULL;Insert
dbo;Insert_Order_Purchases;SQL_STORED_PROCEDURE;dbo;Insert_Order_PurchasesDetails;NULL;NULL;Insert
dbo;Insert_Order_Purchases;SQL_STORED_PROCEDURE;dbo;Insert_Tran_Tran;NULL;NULL;Insert
dbo;Insert_Order_Purchases;SQL_STORED_PROCEDURE;dbo;INSERT_Tran_TranDetails;NULL;NULL;Insert
dbo;Insert_Order_Purchases;SQL_STORED_PROCEDURE;dbo;Order_Purchases;NULL;NULL;Insert
dbo;Insert_Order_PurchasesDetails;SQL_STORED_PROCEDURE;NULL;Items_Purches;NULL;NULL;Insert
dbo;Insert_Order_PurchasesDetails;SQL_STORED_PROCEDURE;dbo;Get_AvergItem;NULL;NULL;Insert
dbo;Insert_Order_PurchasesDetails;SQL_STORED_PROCEDURE;dbo;Item_Items;NULL;NULL;Insert
dbo;Insert_Order_PurchasesDetails;SQL_STORED_PROCEDURE;dbo;ItemComponentQuantity_IN;NULL;NULL;Insert
dbo;Insert_Order_PurchasesDetails;SQL_STORED_PROCEDURE;dbo;ItemQuantity_IN;NULL;NULL;Insert
dbo;Insert_Order_PurchasesDetails;SQL_STORED_PROCEDURE;dbo;Order_PurchasesDetails;NULL;NULL;Insert
dbo;Insert_Order_PurchasesDetails;SQL_STORED_PROCEDURE;dbo;TblSetting;NULL;NULL;Insert
dbo;Insert_Order_Restaurant_A;SQL_STORED_PROCEDURE;NULL;Items_Orders_Restaurant;NULL;NULL;Insert
dbo;Insert_Order_Restaurant_A;SQL_STORED_PROCEDURE;dbo;Account_DefualtAccount2;NULL;NULL;Insert
dbo;Insert_Order_Restaurant_A;SQL_STORED_PROCEDURE;dbo;Insert_Order_OrdersDetails_Restaurant_A;NULL;NULL;Insert
dbo;Insert_Order_Restaurant_A;SQL_STORED_PROCEDURE;dbo;Insert_Order_Restaurant_Delivery;NULL;NULL;Insert
dbo;Insert_Order_Restaurant_A;SQL_STORED_PROCEDURE;dbo;Insert_Tran_Tran;NULL;NULL;Insert
dbo;Insert_Order_Restaurant_A;SQL_STORED_PROCEDURE;dbo;INSERT_Tran_TranDetails;NULL;NULL;Insert
dbo;Insert_Order_Restaurant_A;SQL_STORED_PROCEDURE;dbo;Order_Orders;NULL;NULL;Insert
dbo;Insert_Order_Restaurant_A;SQL_STORED_PROCEDURE;dbo;Update_Room_A;NULL;NULL;Insert
dbo;Insert_Order_Restaurant_A;SQL_STORED_PROCEDURE;dbo;Update_Table_A;NULL;NULL;Insert
dbo;Insert_Order_Restaurant_Delivery;SQL_STORED_PROCEDURE;dbo;Restaurant_Delivery;NULL;NULL;Insert
dbo;Insert_Order_Restaurant_TakeAway;SQL_STORED_PROCEDURE;NULL;Items_Orders_Restaurant;NULL;NULL;Insert
dbo;Insert_Order_Restaurant_TakeAway;SQL_STORED_PROCEDURE;dbo;Account_Accounts;NULL;NULL;Insert
dbo;Insert_Order_Restaurant_TakeAway;SQL_STORED_PROCEDURE;dbo;Account_CustSup;NULL;NULL;Insert
dbo;Insert_Order_Restaurant_TakeAway;SQL_STORED_PROCEDURE;dbo;Account_DefualtAccount2;NULL;NULL;Insert
dbo;Insert_Order_Restaurant_TakeAway;SQL_STORED_PROCEDURE;dbo;Insert_Order_OrdersDetails_Restaurant_A;NULL;NULL;Insert
dbo;Insert_Order_Restaurant_TakeAway;SQL_STORED_PROCEDURE;dbo;Insert_Tran_Tran;NULL;NULL;Insert
dbo;Insert_Order_Restaurant_TakeAway;SQL_STORED_PROCEDURE;dbo;INSERT_Tran_TranDetails;NULL;NULL;Insert
dbo;Insert_Order_Restaurant_TakeAway;SQL_STORED_PROCEDURE;dbo;Order_Orders;NULL;NULL;Insert
dbo;Insert_Order_Restaurant_TakeAway;SQL_STORED_PROCEDURE;dbo;Order_Orders;NULL;NULL;Insert
dbo;Insert_Tran_Tran;SQL_STORED_PROCEDURE;dbo;Tran_Tran;NULL;NULL;Insert
dbo;INSERT_Tran_TranDetails;SQL_STORED_PROCEDURE;dbo;Tran_TranDetails;NULL;NULL;INSERT
dbo;InsertDataExcelToSql;SQL_STORED_PROCEDURE;dbo;CreateTableType;NULL;NULL;InsertDataExcelToSql
dbo;InsertDataExcelToSql;SQL_STORED_PROCEDURE;dbo;Drop_Procedures_And_Type;NULL;NULL;InsertDataExcelToSql
dbo;InvoiceTax;SQL_STORED_PROCEDURE;dbo;Item_Items;NULL;NULL;InvoiceTax
dbo;InvoiceTax;SQL_STORED_PROCEDURE;dbo;Order_Orders;NULL;NULL;InvoiceTax
dbo;InvoiceTax;SQL_STORED_PROCEDURE;dbo;Order_OrdersDetails;NULL;NULL;InvoiceTax
dbo;ItemComponentQuantity_IN;SQL_STORED_PROCEDURE;dbo;Item_ItemComponent;NULL;NULL;Item
dbo;ItemComponentQuantity_IN;SQL_STORED_PROCEDURE;dbo;ItemQuantity;NULL;NULL;Item
dbo;ItemComponentQuantity_Out;SQL_STORED_PROCEDURE;dbo;Item_ItemComponent;NULL;NULL;Item
dbo;ItemComponentQuantity_Out;SQL_STORED_PROCEDURE;dbo;ItemQuantity;NULL;NULL;Item
dbo;ItemQuantity_IN;SQL_STORED_PROCEDURE;dbo;Item_Items;NULL;NULL;Item
dbo;ItemQuantity_IN;SQL_STORED_PROCEDURE;dbo;ItemQuantity;NULL;NULL;Item
dbo;ItemQuantity_Out;SQL_STORED_PROCEDURE;dbo;Item_Items;NULL;NULL;Item
dbo;ItemQuantity_Out;SQL_STORED_PROCEDURE;dbo;ItemQuantity;NULL;NULL;Item
dbo;Ledger_Account;SQL_STORED_PROCEDURE;dbo;Account_Accounts;NULL;NULL;Ledger
dbo;Ledger_Account;SQL_STORED_PROCEDURE;dbo;Account_Accounts;NULL;NULL;Ledger
dbo;Ledger_Account;SQL_STORED_PROCEDURE;dbo;Account_Branch;NULL;NULL;Ledger
dbo;Ledger_Account;SQL_STORED_PROCEDURE;dbo;Account_CostCenters;NULL;NULL;Ledger
dbo;Ledger_Account;SQL_STORED_PROCEDURE;dbo;Account_CustSup;NULL;NULL;Ledger
dbo;Ledger_Account;SQL_STORED_PROCEDURE;dbo;Account_SalesMan;NULL;NULL;Ledger
dbo;Ledger_Account;SQL_STORED_PROCEDURE;dbo;DatePart;NULL;NULL;Ledger
dbo;Ledger_Account;SQL_STORED_PROCEDURE;dbo;Order_OrderReturn;NULL;NULL;Ledger
dbo;Ledger_Account;SQL_STORED_PROCEDURE;dbo;Order_Orders;NULL;NULL;Ledger
dbo;Ledger_Account;SQL_STORED_PROCEDURE;dbo;Order_Purchases;NULL;NULL;Ledger
dbo;Ledger_Account;SQL_STORED_PROCEDURE;dbo;Order_PurchasesReturn;NULL;NULL;Ledger
dbo;Ledger_Account;SQL_STORED_PROCEDURE;dbo;Tran_Tran;NULL;NULL;Ledger
dbo;Ledger_Account;SQL_STORED_PROCEDURE;dbo;Tran_TranDetails;NULL;NULL;Ledger
dbo;Ledger_Account;SQL_STORED_PROCEDURE;dbo;Tran_Type;NULL;NULL;Ledger
dbo;Ledger_Account;SQL_STORED_PROCEDURE;dbo;User_Login;NULL;NULL;Ledger
dbo;Ledger_Account_ByGroups;SQL_STORED_PROCEDURE;dbo;Account_Accounts;NULL;NULL;Ledger
dbo;Ledger_Account_ByGroups;SQL_STORED_PROCEDURE;dbo;Tran_Tran;NULL;NULL;Ledger
dbo;Ledger_Account_ByGroups;SQL_STORED_PROCEDURE;dbo;Tran_TranDetails;NULL;NULL;Ledger
dbo;Ledger_Account_ByItems;SQL_STORED_PROCEDURE;dbo;Account_Accounts;NULL;NULL;Ledger
dbo;Ledger_Account_ByItems;SQL_STORED_PROCEDURE;dbo;Account_Accounts;NULL;NULL;Ledger
dbo;Ledger_Account_ByItems;SQL_STORED_PROCEDURE;dbo;Account_Branch;NULL;NULL;Ledger
dbo;Ledger_Account_ByItems;SQL_STORED_PROCEDURE;dbo;Account_CustSup;NULL;NULL;Ledger
dbo;Ledger_Account_ByItems;SQL_STORED_PROCEDURE;dbo;Account_SalesMan;NULL;NULL;Ledger
dbo;Ledger_Account_ByItems;SQL_STORED_PROCEDURE;dbo;DatePart;NULL;NULL;Ledger
dbo;Ledger_Account_ByItems;SQL_STORED_PROCEDURE;dbo;Item_Items;NULL;NULL;Ledger
dbo;Ledger_Account_ByItems;SQL_STORED_PROCEDURE;dbo;Order_OrderReturn;NULL;NULL;Ledger
dbo;Ledger_Account_ByItems;SQL_STORED_PROCEDURE;dbo;Order_OrderReturnDetails;NULL;NULL;Ledger
dbo;Ledger_Account_ByItems;SQL_STORED_PROCEDURE;dbo;Order_Orders;NULL;NULL;Ledger
dbo;Ledger_Account_ByItems;SQL_STORED_PROCEDURE;dbo;Order_OrdersDetails;NULL;NULL;Ledger
dbo;Ledger_Account_ByItems;SQL_STORED_PROCEDURE;dbo;Order_Purchases;NULL;NULL;Ledger
dbo;Ledger_Account_ByItems;SQL_STORED_PROCEDURE;dbo;Order_PurchasesDetails;NULL;NULL;Ledger
dbo;Ledger_Account_ByItems;SQL_STORED_PROCEDURE;dbo;Order_PurchasesReturn;NULL;NULL;Ledger
dbo;Ledger_Account_ByItems;SQL_STORED_PROCEDURE;dbo;Order_PurchasesReturnDetails;NULL;NULL;Ledger
dbo;Ledger_Account_ByItems;SQL_STORED_PROCEDURE;dbo;Tran_Tran;NULL;NULL;Ledger
dbo;Ledger_Account_ByItems;SQL_STORED_PROCEDURE;dbo;Tran_TranDetails;NULL;NULL;Ledger
dbo;Ledger_Account_ByItems;SQL_STORED_PROCEDURE;dbo;Tran_Type;NULL;NULL;Ledger
dbo;Ledger_Account_ByItems;SQL_STORED_PROCEDURE;dbo;User_Login;NULL;NULL;Ledger
dbo;Ledger_Account_Car;SQL_STORED_PROCEDURE;dbo;Account_Accounts;NULL;NULL;Ledger
dbo;Ledger_Account_Car;SQL_STORED_PROCEDURE;dbo;Account_Accounts;NULL;NULL;Ledger
dbo;Ledger_Account_Car;SQL_STORED_PROCEDURE;dbo;Account_CostCenters;NULL;NULL;Ledger
dbo;Ledger_Account_Car;SQL_STORED_PROCEDURE;dbo;Account_CustSup;NULL;NULL;Ledger
dbo;Ledger_Account_Car;SQL_STORED_PROCEDURE;dbo;Account_SalesMan;NULL;NULL;Ledger
dbo;Ledger_Account_Car;SQL_STORED_PROCEDURE;dbo;Car_Receive;NULL;NULL;Ledger
dbo;Ledger_Account_Car;SQL_STORED_PROCEDURE;dbo;DatePart;NULL;NULL;Ledger
dbo;Ledger_Account_Car;SQL_STORED_PROCEDURE;dbo;Order_Orders;NULL;NULL;Ledger
dbo;Ledger_Account_Car;SQL_STORED_PROCEDURE;dbo;Tran_Tran;NULL;NULL;Ledger
dbo;Ledger_Account_Car;SQL_STORED_PROCEDURE;dbo;Tran_TranDetails;NULL;NULL;Ledger
dbo;Ledger_Account_Car;SQL_STORED_PROCEDURE;dbo;Tran_Type;NULL;NULL;Ledger
dbo;Ledger_Account_Car;SQL_STORED_PROCEDURE;dbo;User_Login;NULL;NULL;Ledger
dbo;Ledger_AccountDetails;SQL_STORED_PROCEDURE;dbo;Account_Accounts;NULL;NULL;Ledger
dbo;Ledger_AccountDetails;SQL_STORED_PROCEDURE;dbo;Account_Accounts;NULL;NULL;Ledger
dbo;Ledger_AccountDetails;SQL_STORED_PROCEDURE;dbo;DatePart;NULL;NULL;Ledger
dbo;Ledger_AccountDetails;SQL_STORED_PROCEDURE;dbo;Tran_Tran;NULL;NULL;Ledger
dbo;Ledger_AccountDetails;SQL_STORED_PROCEDURE;dbo;Tran_TranDetails;NULL;NULL;Ledger
dbo;Print_Account_Cuss;SQL_STORED_PROCEDURE;dbo;Account_Accounts;NULL;NULL;Print
dbo;Print_Account_Cuss;SQL_STORED_PROCEDURE;dbo;Account_CustSup;NULL;NULL;Print
dbo;Print_Account_Cuss;SQL_STORED_PROCEDURE;dbo;DatePart;NULL;NULL;Print
dbo;Print_Account_Cuss;SQL_STORED_PROCEDURE;dbo;Order_Orders;NULL;NULL;Print
dbo;Print_Account_Cuss;SQL_STORED_PROCEDURE;dbo;RoundDividingData;NULL;NULL;Print
dbo;Print_Account_Cuss;SQL_STORED_PROCEDURE;dbo;Tran_TranDetails;NULL;NULL;Print
dbo;Print_Account_CussByTotal;SQL_STORED_PROCEDURE;dbo;Account_Accounts;NULL;NULL;Print
dbo;Print_Account_CussByTotal;SQL_STORED_PROCEDURE;dbo;Account_CustSup;NULL;NULL;Print
dbo;Print_Account_CussByTotal;SQL_STORED_PROCEDURE;dbo;DatePart;NULL;NULL;Print
dbo;Print_Account_CussByTotal;SQL_STORED_PROCEDURE;dbo;Order_Orders;NULL;NULL;Print
dbo;Print_Account_CussByTotal;SQL_STORED_PROCEDURE;dbo;RoundDividingData;NULL;NULL;Print
dbo;Print_Account_CussByTotal;SQL_STORED_PROCEDURE;dbo;Tran_TranDetails;NULL;NULL;Print
dbo;Print_Account_DailyRestrictions_ALL;SQL_STORED_PROCEDURE;dbo;Account_Accounts;NULL;NULL;Print
dbo;Print_Account_DailyRestrictions_ALL;SQL_STORED_PROCEDURE;dbo;Account_Branch;NULL;NULL;Print
dbo;Print_Account_DailyRestrictions_ALL;SQL_STORED_PROCEDURE;dbo;Account_CostCenters;NULL;NULL;Print
dbo;Print_Account_DailyRestrictions_ALL;SQL_STORED_PROCEDURE;dbo;RoundDividingData;NULL;NULL;Print
dbo;Print_Account_DailyRestrictions_ALL;SQL_STORED_PROCEDURE;dbo;Tran_Tran;NULL;NULL;Print
dbo;Print_Account_DailyRestrictions_ALL;SQL_STORED_PROCEDURE;dbo;Tran_TranDetails;NULL;NULL;Print
dbo;Print_Account_Receipts;SQL_STORED_PROCEDURE;dbo;Account_Accounts;NULL;NULL;Print
dbo;Print_Account_Receipts;SQL_STORED_PROCEDURE;dbo;Account_Receipts;NULL;NULL;Print
dbo;Print_Account_Receipts;SQL_STORED_PROCEDURE;dbo;Account_ReceiptsDetails;NULL;NULL;Print
dbo;Print_Account_Receipts;SQL_STORED_PROCEDURE;dbo;CashReceiptsType;NULL;NULL;Print
dbo;Print_Account_Receipts;SQL_STORED_PROCEDURE;dbo;RoundDividingData;NULL;NULL;Print
dbo;Print_Account_Receipts2;SQL_STORED_PROCEDURE;dbo;Account_Accounts;NULL;NULL;Print
dbo;Print_Account_Receipts2;SQL_STORED_PROCEDURE;dbo;Account_Receipts;NULL;NULL;Print
dbo;Print_Account_Receipts2;SQL_STORED_PROCEDURE;dbo;Account_ReceiptsDetails;NULL;NULL;Print
dbo;Print_Account_Receipts2;SQL_STORED_PROCEDURE;dbo;CashReceiptsType;NULL;NULL;Print
dbo;Print_Account_Receipts2;SQL_STORED_PROCEDURE;dbo;RoundDividingData;NULL;NULL;Print
dbo;Print_Account_Supp;SQL_STORED_PROCEDURE;dbo;Account_Accounts;NULL;NULL;Print
dbo;Print_Account_Supp;SQL_STORED_PROCEDURE;dbo;Account_CustSup;NULL;NULL;Print
dbo;Print_Account_Supp;SQL_STORED_PROCEDURE;dbo;RoundDividingData;NULL;NULL;Print
dbo;Print_Account_Supp;SQL_STORED_PROCEDURE;dbo;Tran_TranDetails;NULL;NULL;Print
dbo;Print_Car;SQL_STORED_PROCEDURE;dbo;Account_AccountType;NULL;NULL;Print
dbo;Print_Car;SQL_STORED_PROCEDURE;dbo;Account_CustSup;NULL;NULL;Print
dbo;Print_Car;SQL_STORED_PROCEDURE;dbo;Car_Receive;NULL;NULL;Print
dbo;Print_Car;SQL_STORED_PROCEDURE;dbo;Contract_Bounce;NULL;NULL;Print
dbo;Print_Contract_Contract;SQL_STORED_PROCEDURE;dbo;Contract_Contract;NULL;NULL;Print
dbo;Print_Contract_Contract;SQL_STORED_PROCEDURE;dbo;Contract_ContractDetails;NULL;NULL;Print
dbo;Print_Contract_Contract;SQL_STORED_PROCEDURE;dbo;Item_Country;NULL;NULL;Print
dbo;Print_Contract_Contract;SQL_STORED_PROCEDURE;dbo;Item_Groups;NULL;NULL;Print
dbo;Print_Contract_Contract;SQL_STORED_PROCEDURE;dbo;Item_Guarantee;NULL;NULL;Print
dbo;Print_Contract_Contract;SQL_STORED_PROCEDURE;dbo;Item_Items;NULL;NULL;Print
dbo;Print_Contract_Contract;SQL_STORED_PROCEDURE;dbo;Item_Unit;NULL;NULL;Print
dbo;Print_Contract_Contract;SQL_STORED_PROCEDURE;dbo;RoundDividingData;NULL;NULL;Print
dbo;Print_Emp_Payroll;SQL_STORED_PROCEDURE;dbo;Emp_Employee;NULL;NULL;Print
dbo;Print_Emp_Payroll;SQL_STORED_PROCEDURE;dbo;Emp_Payroll;NULL;NULL;Print
dbo;Print_Emp_Payroll;SQL_STORED_PROCEDURE;dbo;Emp_PayrollDetails;NULL;NULL;Print
dbo;Print_Emp_Payroll;SQL_STORED_PROCEDURE;dbo;IntList;NULL;NULL;Print
dbo;Print_Emp_Payroll;SQL_STORED_PROCEDURE;dbo;RoundDividingData;NULL;NULL;Print
dbo;Print_Emp_Payroll_All;SQL_STORED_PROCEDURE;dbo;Emp_Employee;NULL;NULL;Print
dbo;Print_Emp_Payroll_All;SQL_STORED_PROCEDURE;dbo;Emp_Payroll;NULL;NULL;Print
dbo;Print_Emp_Payroll_All;SQL_STORED_PROCEDURE;dbo;Emp_PayrollDetails;NULL;NULL;Print
dbo;Print_Emp_Payroll_All;SQL_STORED_PROCEDURE;dbo;RoundDividingData;NULL;NULL;Print
dbo;Print_Emp_PayrollTemp;SQL_STORED_PROCEDURE;dbo;Emp_Employee;NULL;NULL;Print
dbo;Print_Emp_PayrollTemp;SQL_STORED_PROCEDURE;dbo;Emp_PayrollTemp;NULL;NULL;Print
dbo;Print_Emp_PayrollTemp;SQL_STORED_PROCEDURE;dbo;Emp_PayrollTempDetails;NULL;NULL;Print
dbo;Print_Emp_PayrollTemp;SQL_STORED_PROCEDURE;dbo;RoundDividingData;NULL;NULL;Print
dbo;Print_EntrustedEmployee;SQL_STORED_PROCEDURE;dbo;Emp_Employee;NULL;NULL;Print
dbo;Print_EntrustedEmployee;SQL_STORED_PROCEDURE;dbo;Emp_Entrusted;NULL;NULL;Print
dbo;Print_EntrustedEmployee;SQL_STORED_PROCEDURE;dbo;Emp_EntrustedEmployeeDetails;NULL;NULL;Print
dbo;Print_Order_Cashier;SQL_STORED_PROCEDURE;dbo;Account_AccountType;NULL;NULL;Print
dbo;Print_Order_Cashier;SQL_STORED_PROCEDURE;dbo;Account_Stores;NULL;NULL;Print
dbo;Print_Order_Cashier;SQL_STORED_PROCEDURE;dbo;Item_Groups;NULL;NULL;Print
dbo;Print_Order_Cashier;SQL_STORED_PROCEDURE;dbo;Item_Items;NULL;NULL;Print
dbo;Print_Order_Cashier;SQL_STORED_PROCEDURE;dbo;Item_Unit;NULL;NULL;Print
dbo;Print_Order_Cashier;SQL_STORED_PROCEDURE;dbo;Order_OrderReturn;NULL;NULL;Print
dbo;Print_Order_Cashier;SQL_STORED_PROCEDURE;dbo;Order_Orders;NULL;NULL;Print
dbo;Print_Order_Cashier;SQL_STORED_PROCEDURE;dbo;Order_OrdersDetails;NULL;NULL;Print
dbo;Print_Order_Cashier;SQL_STORED_PROCEDURE;dbo;Restaurant_Room;NULL;NULL;Print
dbo;Print_Order_Cashier;SQL_STORED_PROCEDURE;dbo;Restaurant_Type;NULL;NULL;Print
dbo;Print_Order_Cashier;SQL_STORED_PROCEDURE;dbo;RoundDividingData;NULL;NULL;Print
dbo;Print_Order_Cashier;SQL_STORED_PROCEDURE;dbo;User_Login;NULL;NULL;Print
dbo;Print_Order_CashierByItem;SQL_STORED_PROCEDURE;dbo;Account_AccountType;NULL;NULL;Print
dbo;Print_Order_CashierByItem;SQL_STORED_PROCEDURE;dbo;Account_Stores;NULL;NULL;Print
dbo;Print_Order_CashierByItem;SQL_STORED_PROCEDURE;dbo;Item_Groups;NULL;NULL;Print
dbo;Print_Order_CashierByItem;SQL_STORED_PROCEDURE;dbo;Item_Items;NULL;NULL;Print
dbo;Print_Order_CashierByItem;SQL_STORED_PROCEDURE;dbo;Item_Unit;NULL;NULL;Print
dbo;Print_Order_CashierByItem;SQL_STORED_PROCEDURE;dbo;Order_OrderReturn;NULL;NULL;Print
dbo;Print_Order_CashierByItem;SQL_STORED_PROCEDURE;dbo;Order_Orders;NULL;NULL;Print
dbo;Print_Order_CashierByItem;SQL_STORED_PROCEDURE;dbo;Order_OrdersDetails;NULL;NULL;Print
dbo;Print_Order_CashierByItem;SQL_STORED_PROCEDURE;dbo;Printers;NULL;NULL;Print
dbo;Print_Order_CashierByItem;SQL_STORED_PROCEDURE;dbo;Restaurant_Type;NULL;NULL;Print
dbo;Print_Order_CashierByItem;SQL_STORED_PROCEDURE;dbo;RoundDividingData;NULL;NULL;Print
dbo;Print_Order_CashierByItemCook;SQL_STORED_PROCEDURE;dbo;Account_AccountType;NULL;NULL;Print
dbo;Print_Order_CashierByItemCook;SQL_STORED_PROCEDURE;dbo;Account_Stores;NULL;NULL;Print
dbo;Print_Order_CashierByItemCook;SQL_STORED_PROCEDURE;dbo;Item_Groups;NULL;NULL;Print
dbo;Print_Order_CashierByItemCook;SQL_STORED_PROCEDURE;dbo;Item_Items;NULL;NULL;Print
dbo;Print_Order_CashierByItemCook;SQL_STORED_PROCEDURE;dbo;Item_Unit;NULL;NULL;Print
dbo;Print_Order_CashierByItemCook;SQL_STORED_PROCEDURE;dbo;Order_OrderReturn;NULL;NULL;Print
dbo;Print_Order_CashierByItemCook;SQL_STORED_PROCEDURE;dbo;Order_Orders;NULL;NULL;Print
dbo;Print_Order_CashierByItemCook;SQL_STORED_PROCEDURE;dbo;Order_OrdersDetails;NULL;NULL;Print
dbo;Print_Order_CashierByItemCook;SQL_STORED_PROCEDURE;dbo;Printers;NULL;NULL;Print
dbo;Print_Order_CashierByItemCook;SQL_STORED_PROCEDURE;dbo;Restaurant_Type;NULL;NULL;Print
dbo;Print_Order_CashierByItemCook;SQL_STORED_PROCEDURE;dbo;RoundDividingData;NULL;NULL;Print
dbo;Print_Order_CashierByItemCook;SQL_STORED_PROCEDURE;dbo;User_Login;NULL;NULL;Print
dbo;Print_Order_CashierNoPrint;SQL_STORED_PROCEDURE;dbo;Account_AccountType;NULL;NULL;Print
dbo;Print_Order_CashierNoPrint;SQL_STORED_PROCEDURE;dbo;Account_Stores;NULL;NULL;Print
dbo;Print_Order_CashierNoPrint;SQL_STORED_PROCEDURE;dbo;Item_Groups;NULL;NULL;Print
dbo;Print_Order_CashierNoPrint;SQL_STORED_PROCEDURE;dbo;Item_Items;NULL;NULL;Print
dbo;Print_Order_CashierNoPrint;SQL_STORED_PROCEDURE;dbo;Item_Unit;NULL;NULL;Print
dbo;Print_Order_CashierNoPrint;SQL_STORED_PROCEDURE;dbo;Order_OrderReturn;NULL;NULL;Print
dbo;Print_Order_CashierNoPrint;SQL_STORED_PROCEDURE;dbo;Order_Orders;NULL;NULL;Print
dbo;Print_Order_CashierNoPrint;SQL_STORED_PROCEDURE;dbo;Order_OrdersDetails;NULL;NULL;Print
dbo;Print_Order_CashierNoPrint;SQL_STORED_PROCEDURE;dbo;Restaurant_Type;NULL;NULL;Print
dbo;Print_Order_CashierNoPrint;SQL_STORED_PROCEDURE;dbo;RoundDividingData;NULL;NULL;Print
dbo;Print_Order_CashierRes;SQL_STORED_PROCEDURE;dbo;Account_AccountType;NULL;NULL;Print
dbo;Print_Order_CashierRes;SQL_STORED_PROCEDURE;dbo;Account_CustSup;NULL;NULL;Print
dbo;Print_Order_CashierRes;SQL_STORED_PROCEDURE;dbo;Account_SalesMan;NULL;NULL;Print
dbo;Print_Order_CashierRes;SQL_STORED_PROCEDURE;dbo;Account_Stores;NULL;NULL;Print
dbo;Print_Order_CashierRes;SQL_STORED_PROCEDURE;dbo;Item_Country;NULL;NULL;Print
dbo;Print_Order_CashierRes;SQL_STORED_PROCEDURE;dbo;Item_Groups;NULL;NULL;Print
dbo;Print_Order_CashierRes;SQL_STORED_PROCEDURE;dbo;Item_Guarantee;NULL;NULL;Print
dbo;Print_Order_CashierRes;SQL_STORED_PROCEDURE;dbo;Item_Items;NULL;NULL;Print
dbo;Print_Order_CashierRes;SQL_STORED_PROCEDURE;dbo;Item_Unit;NULL;NULL;Print
dbo;Print_Order_CashierRes;SQL_STORED_PROCEDURE;dbo;Order_OrderReturn;NULL;NULL;Print
dbo;Print_Order_CashierRes;SQL_STORED_PROCEDURE;dbo;Order_Orders;NULL;NULL;Print
dbo;Print_Order_CashierRes;SQL_STORED_PROCEDURE;dbo;Order_OrdersDetails;NULL;NULL;Print
dbo;Print_Order_CashierRes;SQL_STORED_PROCEDURE;dbo;Restaurant_DeliveryMan;NULL;NULL;Print
dbo;Print_Order_CashierRes;SQL_STORED_PROCEDURE;dbo;Restaurant_Type;NULL;NULL;Print
dbo;Print_Order_CashierRes;SQL_STORED_PROCEDURE;dbo;RoundDividingData;NULL;NULL;Print
dbo;Print_Order_CashierRes;SQL_STORED_PROCEDURE;dbo;User_Login;NULL;NULL;Print
dbo;Print_Order_CheckoutOrders;SQL_STORED_PROCEDURE;dbo;Account_AccountType;NULL;NULL;Print
dbo;Print_Order_CheckoutOrders;SQL_STORED_PROCEDURE;dbo;Account_CustSup;NULL;NULL;Print
dbo;Print_Order_CheckoutOrders;SQL_STORED_PROCEDURE;dbo;Account_Stores;NULL;NULL;Print
dbo;Print_Order_CheckoutOrders;SQL_STORED_PROCEDURE;dbo;Item_Items;NULL;NULL;Print
dbo;Print_Order_CheckoutOrders;SQL_STORED_PROCEDURE;dbo;Item_Unit;NULL;NULL;Print
dbo;Print_Order_CheckoutOrders;SQL_STORED_PROCEDURE;dbo;Order_CheckoutOrders;NULL;NULL;Print
dbo;Print_Order_CheckoutOrders;SQL_STORED_PROCEDURE;dbo;Order_CheckoutOrdersDetails;NULL;NULL;Print
dbo;Print_Order_CheckoutOrders;SQL_STORED_PROCEDURE;dbo;RoundDividingData;NULL;NULL;Print
dbo;Print_Order_CheckoutOrders;SQL_STORED_PROCEDURE;dbo;User_Login;NULL;NULL;Print
dbo;Print_Order_InventorySettlementMinus;SQL_STORED_PROCEDURE;dbo;Account_Stores;NULL;NULL;Print
dbo;Print_Order_InventorySettlementMinus;SQL_STORED_PROCEDURE;dbo;Item_Items;NULL;NULL;Print
dbo;Print_Order_InventorySettlementMinus;SQL_STORED_PROCEDURE;dbo;Item_Unit;NULL;NULL;Print
dbo;Print_Order_InventorySettlementMinus;SQL_STORED_PROCEDURE;dbo;Order_InventorySettlementMinus;NULL;NULL;Print
dbo;Print_Order_InventorySettlementMinus;SQL_STORED_PROCEDURE;dbo;Order_InventorySettlementMinusDetails;NULL;NULL;Print
dbo;Print_Order_InventorySettlementMinus;SQL_STORED_PROCEDURE;dbo;RoundDividingData;NULL;NULL;Print
dbo;Print_Order_ManufacturingOrder;SQL_STORED_PROCEDURE;dbo;Account_Stores;NULL;NULL;Print
dbo;Print_Order_ManufacturingOrder;SQL_STORED_PROCEDURE;dbo;Item_Items;NULL;NULL;Print
dbo;Print_Order_ManufacturingOrder;SQL_STORED_PROCEDURE;dbo;Item_Unit;NULL;NULL;Print
dbo;Print_Order_ManufacturingOrder;SQL_STORED_PROCEDURE;dbo;Order_ManufacturingOrder;NULL;NULL;Print
dbo;Print_Order_ManufacturingOrder;SQL_STORED_PROCEDURE;dbo;Order_ManufacturingOrderDetails;NULL;NULL;Print
dbo;Print_Order_ManufacturingOrder;SQL_STORED_PROCEDURE;dbo;RoundDividingData;NULL;NULL;Print
dbo;Print_Order_OpenQuantity;SQL_STORED_PROCEDURE;dbo;Account_Stores;NULL;NULL;Print
dbo;Print_Order_OpenQuantity;SQL_STORED_PROCEDURE;dbo;Item_Items;NULL;NULL;Print
dbo;Print_Order_OpenQuantity;SQL_STORED_PROCEDURE;dbo;Item_Unit;NULL;NULL;Print
dbo;Print_Order_OpenQuantity;SQL_STORED_PROCEDURE;dbo;Order_OpenQuantity;NULL;NULL;Print
dbo;Print_Order_OpenQuantity;SQL_STORED_PROCEDURE;dbo;Order_OpenQuantityDetails;NULL;NULL;Print
dbo;Print_Order_OpenQuantity;SQL_STORED_PROCEDURE;dbo;RoundDividingData;NULL;NULL;Print
dbo;Print_Order_OrderDalala_ISPrint;SQL_STORED_PROCEDURE;dbo;Item_Items;NULL;NULL;Print
dbo;Print_Order_OrderDalala_ISPrint;SQL_STORED_PROCEDURE;dbo;Item_Unit;NULL;NULL;Print
dbo;Print_Order_OrderDalala_ISPrint;SQL_STORED_PROCEDURE;dbo;OrderDalala_Dalala;NULL;NULL;Print
dbo;Print_Order_OrderDalala_ISPrint;SQL_STORED_PROCEDURE;dbo;OrderDalala_DalalaDetails;NULL;NULL;Print
dbo;Print_Order_OrderDalala_ISPrint;SQL_STORED_PROCEDURE;dbo;OrderDalala_Sending;NULL;NULL;Print
dbo;Print_Order_OrderDalala_ISPrint;SQL_STORED_PROCEDURE;dbo;OrderDalala_SendingDetails;NULL;NULL;Print
dbo;Print_Order_OrderDalala_ISPrint;SQL_STORED_PROCEDURE;dbo;RoundDividingData;NULL;NULL;Print
dbo;Print_Order_OrderReturn;SQL_STORED_PROCEDURE;dbo;Account_AccountType;NULL;NULL;Print
dbo;Print_Order_OrderReturn;SQL_STORED_PROCEDURE;dbo;Account_CustSup;NULL;NULL;Print
dbo;Print_Order_OrderReturn;SQL_STORED_PROCEDURE;dbo;Account_SalesMan;NULL;NULL;Print
dbo;Print_Order_OrderReturn;SQL_STORED_PROCEDURE;dbo;Account_Stores;NULL;NULL;Print
dbo;Print_Order_OrderReturn;SQL_STORED_PROCEDURE;dbo;Item_Country;NULL;NULL;Print
dbo;Print_Order_OrderReturn;SQL_STORED_PROCEDURE;dbo;Item_Groups;NULL;NULL;Print
dbo;Print_Order_OrderReturn;SQL_STORED_PROCEDURE;dbo;Item_Guarantee;NULL;NULL;Print
dbo;Print_Order_OrderReturn;SQL_STORED_PROCEDURE;dbo;Item_Items;NULL;NULL;Print
dbo;Print_Order_OrderReturn;SQL_STORED_PROCEDURE;dbo;Item_Unit;NULL;NULL;Print
dbo;Print_Order_OrderReturn;SQL_STORED_PROCEDURE;dbo;Order_OrderReturn;NULL;NULL;Print
dbo;Print_Order_OrderReturn;SQL_STORED_PROCEDURE;dbo;Order_OrderReturnDetails;NULL;NULL;Print
dbo;Print_Order_OrderReturn;SQL_STORED_PROCEDURE;dbo;Order_Orders;NULL;NULL;Print
dbo;Print_Order_OrderReturn;SQL_STORED_PROCEDURE;dbo;RoundDividingData;NULL;NULL;Print
dbo;Print_Order_OrderReturn;SQL_STORED_PROCEDURE;dbo;User_Login;NULL;NULL;Print
dbo;Print_Order_Orders;SQL_STORED_PROCEDURE;dbo;Account_Accounts;NULL;NULL;Print
dbo;Print_Order_Orders;SQL_STORED_PROCEDURE;dbo;Account_AccountType;NULL;NULL;Print
dbo;Print_Order_Orders;SQL_STORED_PROCEDURE;dbo;Account_CustSup;NULL;NULL;Print
dbo;Print_Order_Orders;SQL_STORED_PROCEDURE;dbo;Account_SalesMan;NULL;NULL;Print
dbo;Print_Order_Orders;SQL_STORED_PROCEDURE;dbo;Account_Stores;NULL;NULL;Print
dbo;Print_Order_Orders;SQL_STORED_PROCEDURE;dbo;Contract_Bounce;NULL;NULL;Print
dbo;Print_Order_Orders;SQL_STORED_PROCEDURE;dbo;Item_Country;NULL;NULL;Print
dbo;Print_Order_Orders;SQL_STORED_PROCEDURE;dbo;Item_Groups;NULL;NULL;Print
dbo;Print_Order_Orders;SQL_STORED_PROCEDURE;dbo;Item_Guarantee;NULL;NULL;Print
dbo;Print_Order_Orders;SQL_STORED_PROCEDURE;dbo;Item_Items;NULL;NULL;Print
dbo;Print_Order_Orders;SQL_STORED_PROCEDURE;dbo;Item_Unit;NULL;NULL;Print
dbo;Print_Order_Orders;SQL_STORED_PROCEDURE;dbo;Order_Extension;NULL;NULL;Print
dbo;Print_Order_Orders;SQL_STORED_PROCEDURE;dbo;order_MoveHall;NULL;NULL;Print
dbo;Print_Order_Orders;SQL_STORED_PROCEDURE;dbo;Order_Orders;NULL;NULL;Print
dbo;Print_Order_Orders;SQL_STORED_PROCEDURE;dbo;Order_OrdersDetails;NULL;NULL;Print
dbo;Print_Order_Orders;SQL_STORED_PROCEDURE;dbo;Order_Reservations;NULL;NULL;Print
dbo;Print_Order_Orders;SQL_STORED_PROCEDURE;dbo;Restaurant_DeliveryMan;NULL;NULL;Print
dbo;Print_Order_Orders;SQL_STORED_PROCEDURE;dbo;Restaurant_Type;NULL;NULL;Print
dbo;Print_Order_Orders;SQL_STORED_PROCEDURE;dbo;RoundDividingData;NULL;NULL;Print
dbo;Print_Order_Orders;SQL_STORED_PROCEDURE;dbo;User_Login;NULL;NULL;Print
dbo;Print_Order_Orders_Res;SQL_STORED_PROCEDURE;dbo;Account_AccountType;NULL;NULL;Print
dbo;Print_Order_Orders_Res;SQL_STORED_PROCEDURE;dbo;Account_Stores;NULL;NULL;Print
dbo;Print_Order_Orders_Res;SQL_STORED_PROCEDURE;dbo;Item_Country;NULL;NULL;Print
dbo;Print_Order_Orders_Res;SQL_STORED_PROCEDURE;dbo;Item_Groups;NULL;NULL;Print
dbo;Print_Order_Orders_Res;SQL_STORED_PROCEDURE;dbo;Item_Guarantee;NULL;NULL;Print
dbo;Print_Order_Orders_Res;SQL_STORED_PROCEDURE;dbo;Item_Items;NULL;NULL;Print
dbo;Print_Order_Orders_Res;SQL_STORED_PROCEDURE;dbo;Item_Unit;NULL;NULL;Print
dbo;Print_Order_Orders_Res;SQL_STORED_PROCEDURE;dbo;Order_OrderReturn;NULL;NULL;Print
dbo;Print_Order_Orders_Res;SQL_STORED_PROCEDURE;dbo;Order_Orders;NULL;NULL;Print
dbo;Print_Order_Orders_Res;SQL_STORED_PROCEDURE;dbo;Order_OrdersDetails;NULL;NULL;Print
dbo;Print_Order_Orders_Res;SQL_STORED_PROCEDURE;dbo;Restaurant_Type;NULL;NULL;Print
dbo;Print_Order_Orders_Res;SQL_STORED_PROCEDURE;dbo;RoundDividingData;NULL;NULL;Print
dbo;Print_Order_Orders_Res;SQL_STORED_PROCEDURE;dbo;User_Login;NULL;NULL;Print
dbo;Print_Order_OrdersAfterReturn;SQL_STORED_PROCEDURE;dbo;Item_Add;NULL;NULL;Print
dbo;Print_Order_OrdersAfterReturn;SQL_STORED_PROCEDURE;dbo;Item_Groups;NULL;NULL;Print
dbo;Print_Order_OrdersAfterReturn;SQL_STORED_PROCEDURE;dbo;Item_Items;NULL;NULL;Print
dbo;Print_Order_OrdersAfterReturn;SQL_STORED_PROCEDURE;dbo;Item_Unit;NULL;NULL;Print
dbo;Print_Order_OrdersAfterReturn;SQL_STORED_PROCEDURE;dbo;Order_Orders;NULL;NULL;Print
dbo;Print_Order_OrdersAfterReturn;SQL_STORED_PROCEDURE;dbo;Order_OrdersDetails;NULL;NULL;Print
dbo;Print_Order_OrdersAfterReturn;SQL_STORED_PROCEDURE;dbo;Restaurant_DeliveryMan;NULL;NULL;Print
dbo;Print_Order_OrdersAfterReturn;SQL_STORED_PROCEDURE;dbo;Restaurant_Room;NULL;NULL;Print
dbo;Print_Order_OrdersAfterReturn;SQL_STORED_PROCEDURE;dbo;Restaurant_Type;NULL;NULL;Print
dbo;Print_Order_OrdersAfterReturn;SQL_STORED_PROCEDURE;dbo;RoundDividingData;NULL;NULL;Print
dbo;Print_Order_OrdersAfterReturn;SQL_STORED_PROCEDURE;dbo;User_Login;NULL;NULL;Print
dbo;Print_Order_OrdersDraft;SQL_STORED_PROCEDURE;dbo;Account_Accounts;NULL;NULL;Print
dbo;Print_Order_OrdersDraft;SQL_STORED_PROCEDURE;dbo;Account_AccountType;NULL;NULL;Print
dbo;Print_Order_OrdersDraft;SQL_STORED_PROCEDURE;dbo;Account_CustSup;NULL;NULL;Print
dbo;Print_Order_OrdersDraft;SQL_STORED_PROCEDURE;dbo;Account_SalesMan;NULL;NULL;Print
dbo;Print_Order_OrdersDraft;SQL_STORED_PROCEDURE;dbo;Account_Stores;NULL;NULL;Print
dbo;Print_Order_OrdersDraft;SQL_STORED_PROCEDURE;dbo;Contract_Bounce;NULL;NULL;Print
dbo;Print_Order_OrdersDraft;SQL_STORED_PROCEDURE;dbo;Item_Country;NULL;NULL;Print
dbo;Print_Order_OrdersDraft;SQL_STORED_PROCEDURE;dbo;Item_Groups;NULL;NULL;Print
dbo;Print_Order_OrdersDraft;SQL_STORED_PROCEDURE;dbo;Item_Guarantee;NULL;NULL;Print
dbo;Print_Order_OrdersDraft;SQL_STORED_PROCEDURE;dbo;Item_Items;NULL;NULL;Print
dbo;Print_Order_OrdersDraft;SQL_STORED_PROCEDURE;dbo;Item_Unit;NULL;NULL;Print
dbo;Print_Order_OrdersDraft;SQL_STORED_PROCEDURE;dbo;Order_Extension;NULL;NULL;Print
dbo;Print_Order_OrdersDraft;SQL_STORED_PROCEDURE;dbo;order_MoveHall;NULL;NULL;Print
dbo;Print_Order_OrdersDraft;SQL_STORED_PROCEDURE;dbo;Order_OrdersDetailsDraft;NULL;NULL;Print
dbo;Print_Order_OrdersDraft;SQL_STORED_PROCEDURE;dbo;Order_OrdersDraft;NULL;NULL;Print
dbo;Print_Order_OrdersDraft;SQL_STORED_PROCEDURE;dbo;Order_Reservations;NULL;NULL;Print
dbo;Print_Order_OrdersDraft;SQL_STORED_PROCEDURE;dbo;Restaurant_DeliveryMan;NULL;NULL;Print
dbo;Print_Order_OrdersDraft;SQL_STORED_PROCEDURE;dbo;Restaurant_Type;NULL;NULL;Print
dbo;Print_Order_OrdersDraft;SQL_STORED_PROCEDURE;dbo;RoundDividingData;NULL;NULL;Print
dbo;Print_Order_OrdersDraft;SQL_STORED_PROCEDURE;dbo;User_Login;NULL;NULL;Print
dbo;Print_Order_PaymentItem;SQL_STORED_PROCEDURE;dbo;Account_Stores;NULL;NULL;Print
dbo;Print_Order_PaymentItem;SQL_STORED_PROCEDURE;dbo;Item_Country;NULL;NULL;Print
dbo;Print_Order_PaymentItem;SQL_STORED_PROCEDURE;dbo;Item_Groups;NULL;NULL;Print
dbo;Print_Order_PaymentItem;SQL_STORED_PROCEDURE;dbo;Item_Guarantee;NULL;NULL;Print
dbo;Print_Order_PaymentItem;SQL_STORED_PROCEDURE;dbo;Item_Items;NULL;NULL;Print
dbo;Print_Order_PaymentItem;SQL_STORED_PROCEDURE;dbo;Item_Unit;NULL;NULL;Print
dbo;Print_Order_PaymentItem;SQL_STORED_PROCEDURE;dbo;Order_PaymentItem;NULL;NULL;Print
dbo;Print_Order_PaymentItem;SQL_STORED_PROCEDURE;dbo;Order_PaymentItemDetails;NULL;NULL;Print
dbo;Print_Order_PaymentItem;SQL_STORED_PROCEDURE;dbo;RoundDividingData;NULL;NULL;Print
dbo;Print_Order_PriceOffer;SQL_STORED_PROCEDURE;dbo;Account_AccountType;NULL;NULL;Print
dbo;Print_Order_PriceOffer;SQL_STORED_PROCEDURE;dbo;Account_CustSup;NULL;NULL;Print
dbo;Print_Order_PriceOffer;SQL_STORED_PROCEDURE;dbo;Account_Stores;NULL;NULL;Print
dbo;Print_Order_PriceOffer;SQL_STORED_PROCEDURE;dbo;Item_Country;NULL;NULL;Print
dbo;Print_Order_PriceOffer;SQL_STORED_PROCEDURE;dbo;Item_Guarantee;NULL;NULL;Print
dbo;Print_Order_PriceOffer;SQL_STORED_PROCEDURE;dbo;Item_Items;NULL;NULL;Print
dbo;Print_Order_PriceOffer;SQL_STORED_PROCEDURE;dbo;Item_Unit;NULL;NULL;Print
dbo;Print_Order_PriceOffer;SQL_STORED_PROCEDURE;dbo;Order_PriceOffer;NULL;NULL;Print
dbo;Print_Order_PriceOffer;SQL_STORED_PROCEDURE;dbo;Order_PriceOfferDetails;NULL;NULL;Print
dbo;Print_Order_PriceOffer;SQL_STORED_PROCEDURE;dbo;RoundDividingData;NULL;NULL;Print
dbo;Print_Order_Purchases;SQL_STORED_PROCEDURE;dbo;Account_AccountType;NULL;NULL;Print
dbo;Print_Order_Purchases;SQL_STORED_PROCEDURE;dbo;Account_CustSup;NULL;NULL;Print
dbo;Print_Order_Purchases;SQL_STORED_PROCEDURE;dbo;Account_SalesMan;NULL;NULL;Print
dbo;Print_Order_Purchases;SQL_STORED_PROCEDURE;dbo;Account_Stores;NULL;NULL;Print
dbo;Print_Order_Purchases;SQL_STORED_PROCEDURE;dbo;Item_Items;NULL;NULL;Print
dbo;Print_Order_Purchases;SQL_STORED_PROCEDURE;dbo;Item_Unit;NULL;NULL;Print
dbo;Print_Order_Purchases;SQL_STORED_PROCEDURE;dbo;Order_Purchases;NULL;NULL;Print
dbo;Print_Order_Purchases;SQL_STORED_PROCEDURE;dbo;Order_PurchasesDetails;NULL;NULL;Print
dbo;Print_Order_Purchases;SQL_STORED_PROCEDURE;dbo;RoundDividingData;NULL;NULL;Print
dbo;Print_Order_PurchasesOrder;SQL_STORED_PROCEDURE;dbo;Account_AccountType;NULL;NULL;Print
dbo;Print_Order_PurchasesOrder;SQL_STORED_PROCEDURE;dbo;Account_Stores;NULL;NULL;Print
dbo;Print_Order_PurchasesOrder;SQL_STORED_PROCEDURE;dbo;Item_Items;NULL;NULL;Print
dbo;Print_Order_PurchasesOrder;SQL_STORED_PROCEDURE;dbo;Item_Unit;NULL;NULL;Print
dbo;Print_Order_PurchasesOrder;SQL_STORED_PROCEDURE;dbo;Order_PurchasesOrder;NULL;NULL;Print
dbo;Print_Order_PurchasesOrder;SQL_STORED_PROCEDURE;dbo;Order_PurchasesOrderDetails;NULL;NULL;Print
dbo;Print_Order_PurchasesOrder;SQL_STORED_PROCEDURE;dbo;RoundDividingData;NULL;NULL;Print
dbo;Print_Order_PurchasesReturn;SQL_STORED_PROCEDURE;dbo;Account_AccountType;NULL;NULL;Print
dbo;Print_Order_PurchasesReturn;SQL_STORED_PROCEDURE;dbo;Account_CustSup;NULL;NULL;Print
dbo;Print_Order_PurchasesReturn;SQL_STORED_PROCEDURE;dbo;Account_SalesMan;NULL;NULL;Print
dbo;Print_Order_PurchasesReturn;SQL_STORED_PROCEDURE;dbo;Account_Stores;NULL;NULL;Print
dbo;Print_Order_PurchasesReturn;SQL_STORED_PROCEDURE;dbo;Item_Items;NULL;NULL;Print
dbo;Print_Order_PurchasesReturn;SQL_STORED_PROCEDURE;dbo;Item_Unit;NULL;NULL;Print
dbo;Print_Order_PurchasesReturn;SQL_STORED_PROCEDURE;dbo;Order_PurchasesReturn;NULL;NULL;Print
dbo;Print_Order_PurchasesReturn;SQL_STORED_PROCEDURE;dbo;Order_PurchasesReturnDetails;NULL;NULL;Print
dbo;Print_Order_PurchasesReturn;SQL_STORED_PROCEDURE;dbo;RoundDividingData;NULL;NULL;Print
dbo;Print_Order_RecItem;SQL_STORED_PROCEDURE;dbo;Account_Stores;NULL;NULL;Print
dbo;Print_Order_RecItem;SQL_STORED_PROCEDURE;dbo;Item_Country;NULL;NULL;Print
dbo;Print_Order_RecItem;SQL_STORED_PROCEDURE;dbo;Item_Groups;NULL;NULL;Print
dbo;Print_Order_RecItem;SQL_STORED_PROCEDURE;dbo;Item_Guarantee;NULL;NULL;Print
dbo;Print_Order_RecItem;SQL_STORED_PROCEDURE;dbo;Item_Items;NULL;NULL;Print
dbo;Print_Order_RecItem;SQL_STORED_PROCEDURE;dbo;Item_Unit;NULL;NULL;Print
dbo;Print_Order_RecItem;SQL_STORED_PROCEDURE;dbo;Order_RecItem;NULL;NULL;Print
dbo;Print_Order_RecItem;SQL_STORED_PROCEDURE;dbo;Order_RecItemDetails;NULL;NULL;Print
dbo;Print_Order_RecItem;SQL_STORED_PROCEDURE;dbo;RoundDividingData;NULL;NULL;Print
dbo;Print_Order_Rent;SQL_STORED_PROCEDURE;dbo;Account_Stores;NULL;NULL;Print
dbo;Print_Order_Rent;SQL_STORED_PROCEDURE;dbo;Item_Country;NULL;NULL;Print
dbo;Print_Order_Rent;SQL_STORED_PROCEDURE;dbo;Item_Groups;NULL;NULL;Print
dbo;Print_Order_Rent;SQL_STORED_PROCEDURE;dbo;Item_Guarantee;NULL;NULL;Print
dbo;Print_Order_Rent;SQL_STORED_PROCEDURE;dbo;Item_Items;NULL;NULL;Print
dbo;Print_Order_Rent;SQL_STORED_PROCEDURE;dbo;Item_Unit;NULL;NULL;Print
dbo;Print_Order_Rent;SQL_STORED_PROCEDURE;dbo;OrderRent_Rent;NULL;NULL;Print
dbo;Print_Order_Rent;SQL_STORED_PROCEDURE;dbo;OrderRent_RentDetails;NULL;NULL;Print
dbo;Print_Order_Rent;SQL_STORED_PROCEDURE;dbo;RoundDividingData;NULL;NULL;Print
dbo;Print_Order_Rent;SQL_STORED_PROCEDURE;dbo;User_Login;NULL;NULL;Print
dbo;Print_Order_Rent_Recipt;SQL_STORED_PROCEDURE;dbo;Account_Stores;NULL;NULL;Print
dbo;Print_Order_Rent_Recipt;SQL_STORED_PROCEDURE;dbo;Item_Country;NULL;NULL;Print
dbo;Print_Order_Rent_Recipt;SQL_STORED_PROCEDURE;dbo;Item_Groups;NULL;NULL;Print
dbo;Print_Order_Rent_Recipt;SQL_STORED_PROCEDURE;dbo;Item_Guarantee;NULL;NULL;Print
dbo;Print_Order_Rent_Recipt;SQL_STORED_PROCEDURE;dbo;Item_Items;NULL;NULL;Print
dbo;Print_Order_Rent_Recipt;SQL_STORED_PROCEDURE;dbo;Item_Unit;NULL;NULL;Print
dbo;Print_Order_Rent_Recipt;SQL_STORED_PROCEDURE;dbo;OrderRent_Recipt;NULL;NULL;Print
dbo;Print_Order_Rent_Recipt;SQL_STORED_PROCEDURE;dbo;OrderRent_RecpitDetails;NULL;NULL;Print
dbo;Print_Order_Rent_Recipt;SQL_STORED_PROCEDURE;dbo;RoundDividingData;NULL;NULL;Print
dbo;Print_Order_Rent_Recipt;SQL_STORED_PROCEDURE;dbo;User_Login;NULL;NULL;Print
dbo;Print_Order_StoreTransfer;SQL_STORED_PROCEDURE;dbo;Item_Groups;NULL;NULL;Print
dbo;Print_Order_StoreTransfer;SQL_STORED_PROCEDURE;dbo;Item_Items;NULL;NULL;Print
dbo;Print_Order_StoreTransfer;SQL_STORED_PROCEDURE;dbo;Item_Unit;NULL;NULL;Print
dbo;Print_Order_StoreTransfer;SQL_STORED_PROCEDURE;dbo;Order_StoreTransfer;NULL;NULL;Print
dbo;Print_Order_StoreTransfer;SQL_STORED_PROCEDURE;dbo;Order_StoreTransferDetails;NULL;NULL;Print
dbo;Print_Order_StoreTransfer;SQL_STORED_PROCEDURE;dbo;RoundDividingData;NULL;NULL;Print
dbo;Print_Order_TransferFromBranch;SQL_STORED_PROCEDURE;dbo;Account_AccountType;NULL;NULL;Print
dbo;Print_Order_TransferFromBranch;SQL_STORED_PROCEDURE;dbo;Account_Stores;NULL;NULL;Print
dbo;Print_Order_TransferFromBranch;SQL_STORED_PROCEDURE;dbo;Item_Country;NULL;NULL;Print
dbo;Print_Order_TransferFromBranch;SQL_STORED_PROCEDURE;dbo;Item_Groups;NULL;NULL;Print
dbo;Print_Order_TransferFromBranch;SQL_STORED_PROCEDURE;dbo;Item_Guarantee;NULL;NULL;Print
dbo;Print_Order_TransferFromBranch;SQL_STORED_PROCEDURE;dbo;Item_Items;NULL;NULL;Print
dbo;Print_Order_TransferFromBranch;SQL_STORED_PROCEDURE;dbo;Item_Unit;NULL;NULL;Print
dbo;Print_Order_TransferFromBranch;SQL_STORED_PROCEDURE;dbo;Order_TransferFromBranch;NULL;NULL;Print
dbo;Print_Order_TransferFromBranch;SQL_STORED_PROCEDURE;dbo;Order_TransferFromBranchDetails;NULL;NULL;Print
dbo;Print_Order_TransferFromBranch;SQL_STORED_PROCEDURE;dbo;RoundDividingData;NULL;NULL;Print
dbo;Print_Order_TransferToBranch;SQL_STORED_PROCEDURE;dbo;Account_AccountType;NULL;NULL;Print
dbo;Print_Order_TransferToBranch;SQL_STORED_PROCEDURE;dbo;Account_Stores;NULL;NULL;Print
dbo;Print_Order_TransferToBranch;SQL_STORED_PROCEDURE;dbo;Item_Country;NULL;NULL;Print
dbo;Print_Order_TransferToBranch;SQL_STORED_PROCEDURE;dbo;Item_Groups;NULL;NULL;Print
dbo;Print_Order_TransferToBranch;SQL_STORED_PROCEDURE;dbo;Item_Guarantee;NULL;NULL;Print
dbo;Print_Order_TransferToBranch;SQL_STORED_PROCEDURE;dbo;Item_Items;NULL;NULL;Print
dbo;Print_Order_TransferToBranch;SQL_STORED_PROCEDURE;dbo;Item_Unit;NULL;NULL;Print
dbo;Print_Order_TransferToBranch;SQL_STORED_PROCEDURE;dbo;Order_TransferToBranch;NULL;NULL;Print
dbo;Print_Order_TransferToBranch;SQL_STORED_PROCEDURE;dbo;Order_TransferToBranchDetails;NULL;NULL;Print
dbo;Print_Order_TransferToBranch;SQL_STORED_PROCEDURE;dbo;RoundDividingData;NULL;NULL;Print
dbo;Print_OrderDalala_Dalala;SQL_STORED_PROCEDURE;dbo;Account_AccountType;NULL;NULL;Print
dbo;Print_OrderDalala_Dalala;SQL_STORED_PROCEDURE;dbo;Account_Stores;NULL;NULL;Print
dbo;Print_OrderDalala_Dalala;SQL_STORED_PROCEDURE;dbo;Item_Items;NULL;NULL;Print
dbo;Print_OrderDalala_Dalala;SQL_STORED_PROCEDURE;dbo;Item_Unit;NULL;NULL;Print
dbo;Print_OrderDalala_Dalala;SQL_STORED_PROCEDURE;dbo;OrderDalala_Dalala;NULL;NULL;Print
dbo;Print_OrderDalala_Dalala;SQL_STORED_PROCEDURE;dbo;OrderDalala_DalalaDetails;NULL;NULL;Print
dbo;Print_OrderDalala_Dalala;SQL_STORED_PROCEDURE;dbo;RoundDividingData;NULL;NULL;Print
dbo;Print_PriceShowRentalInvoice;SQL_STORED_PROCEDURE;dbo;Account_Stores;NULL;NULL;Print
dbo;Print_PriceShowRentalInvoice;SQL_STORED_PROCEDURE;dbo;Item_Country;NULL;NULL;Print
dbo;Print_PriceShowRentalInvoice;SQL_STORED_PROCEDURE;dbo;Item_Groups;NULL;NULL;Print
dbo;Print_PriceShowRentalInvoice;SQL_STORED_PROCEDURE;dbo;Item_Guarantee;NULL;NULL;Print
dbo;Print_PriceShowRentalInvoice;SQL_STORED_PROCEDURE;dbo;Item_Items;NULL;NULL;Print
dbo;Print_PriceShowRentalInvoice;SQL_STORED_PROCEDURE;dbo;Item_Unit;NULL;NULL;Print
dbo;Print_PriceShowRentalInvoice;SQL_STORED_PROCEDURE;dbo;Orders_PriceShowRental;NULL;NULL;Print
dbo;Print_PriceShowRentalInvoice;SQL_STORED_PROCEDURE;dbo;Ordert_PriceShowRentalDetails;NULL;NULL;Print
dbo;Print_PriceShowRentalInvoice;SQL_STORED_PROCEDURE;dbo;RoundDividingData;NULL;NULL;Print
dbo;Print_PriceShowRentalInvoice;SQL_STORED_PROCEDURE;dbo;User_Login;NULL;NULL;Print
dbo;Print_Recipt3;SQL_STORED_PROCEDURE;dbo;Account_Stores;NULL;NULL;Print
dbo;Print_Recipt3;SQL_STORED_PROCEDURE;dbo;Item_Country;NULL;NULL;Print
dbo;Print_Recipt3;SQL_STORED_PROCEDURE;dbo;Item_Groups;NULL;NULL;Print
dbo;Print_Recipt3;SQL_STORED_PROCEDURE;dbo;Item_Guarantee;NULL;NULL;Print
dbo;Print_Recipt3;SQL_STORED_PROCEDURE;dbo;Item_Items;NULL;NULL;Print
dbo;Print_Recipt3;SQL_STORED_PROCEDURE;dbo;Item_Unit;NULL;NULL;Print
dbo;Print_Recipt3;SQL_STORED_PROCEDURE;dbo;OrderRent_Recipt3;NULL;NULL;Print
dbo;Print_Recipt3;SQL_STORED_PROCEDURE;dbo;OrderRent_RecpitDetails3;NULL;NULL;Print
dbo;Print_Recipt3;SQL_STORED_PROCEDURE;dbo;RoundDividingData;NULL;NULL;Print
dbo;Print_Recipt3;SQL_STORED_PROCEDURE;dbo;User_Login;NULL;NULL;Print
dbo;Print_RentalExpenses;SQL_STORED_PROCEDURE;dbo;RentalExpenses;GTSdb;NULL;Print
dbo;Print_RentalExpenses;SQL_STORED_PROCEDURE;dbo;RentalExpensesDetails;GTSdb;NULL;Print
dbo;Print_RentalInvoice;SQL_STORED_PROCEDURE;dbo;Account_Stores;NULL;NULL;Print
dbo;Print_RentalInvoice;SQL_STORED_PROCEDURE;dbo;Item_Country;NULL;NULL;Print
dbo;Print_RentalInvoice;SQL_STORED_PROCEDURE;dbo;Item_Groups;NULL;NULL;Print
dbo;Print_RentalInvoice;SQL_STORED_PROCEDURE;dbo;Item_Guarantee;NULL;NULL;Print
dbo;Print_RentalInvoice;SQL_STORED_PROCEDURE;dbo;Item_Items;NULL;NULL;Print
dbo;Print_RentalInvoice;SQL_STORED_PROCEDURE;dbo;Item_Unit;NULL;NULL;Print
dbo;Print_RentalInvoice;SQL_STORED_PROCEDURE;dbo;Orders_RentalInvoice;NULL;NULL;Print
dbo;Print_RentalInvoice;SQL_STORED_PROCEDURE;dbo;Ordert_RentalInvoiceDetails;NULL;NULL;Print
dbo;Print_RentalInvoice;SQL_STORED_PROCEDURE;dbo;RoundDividingData;NULL;NULL;Print
dbo;Print_RentalInvoice;SQL_STORED_PROCEDURE;dbo;User_Login;NULL;NULL;Print
dbo;Print_Scaffold_EntryPermission;SQL_STORED_PROCEDURE;dbo;Item_Items;NULL;NULL;Print
dbo;Print_Scaffold_EntryPermission;SQL_STORED_PROCEDURE;dbo;Scaffold_EntryPermission;NULL;NULL;Print
dbo;Print_Scaffold_EntryPermission;SQL_STORED_PROCEDURE;dbo;Scaffold_EntryPermissionDetails;NULL;NULL;Print
dbo;Print_Scaffold_ExitPermission;SQL_STORED_PROCEDURE;dbo;Item_Items;NULL;NULL;Print
dbo;Print_Scaffold_ExitPermission;SQL_STORED_PROCEDURE;dbo;Scaffold_ExitPermission;NULL;NULL;Print
dbo;Print_Scaffold_ExitPermission;SQL_STORED_PROCEDURE;dbo;Scaffold_ExitPermissionDetails;NULL;NULL;Print
dbo;Print_Scaffold_PriceOffer;SQL_STORED_PROCEDURE;dbo;Item_Country;NULL;NULL;Print
dbo;Print_Scaffold_PriceOffer;SQL_STORED_PROCEDURE;dbo;Item_Groups;NULL;NULL;Print
dbo;Print_Scaffold_PriceOffer;SQL_STORED_PROCEDURE;dbo;Item_Guarantee;NULL;NULL;Print
dbo;Print_Scaffold_PriceOffer;SQL_STORED_PROCEDURE;dbo;Item_Items;NULL;NULL;Print
dbo;Print_Scaffold_PriceOffer;SQL_STORED_PROCEDURE;dbo;Item_Unit;NULL;NULL;Print
dbo;Print_Scaffold_PriceOffer;SQL_STORED_PROCEDURE;dbo;RoundDividingData;NULL;NULL;Print
dbo;Print_Scaffold_PriceOffer;SQL_STORED_PROCEDURE;dbo;Scaffold_PriceOffer;NULL;NULL;Print
dbo;Print_Scaffold_PriceOffer;SQL_STORED_PROCEDURE;dbo;Scaffold_PriceOfferDetails;NULL;NULL;Print
dbo;Print_Scaffolds_Contract;SQL_STORED_PROCEDURE;dbo;Item_Country;NULL;NULL;Print
dbo;Print_Scaffolds_Contract;SQL_STORED_PROCEDURE;dbo;Item_Groups;NULL;NULL;Print
dbo;Print_Scaffolds_Contract;SQL_STORED_PROCEDURE;dbo;Item_Guarantee;NULL;NULL;Print
dbo;Print_Scaffolds_Contract;SQL_STORED_PROCEDURE;dbo;Item_Items;NULL;NULL;Print
dbo;Print_Scaffolds_Contract;SQL_STORED_PROCEDURE;dbo;Item_Unit;NULL;NULL;Print
dbo;Print_Scaffolds_Contract;SQL_STORED_PROCEDURE;dbo;RoundDividingData;NULL;NULL;Print
dbo;Print_Scaffolds_Contract;SQL_STORED_PROCEDURE;dbo;Scaffolds_Contract;NULL;NULL;Print
dbo;Print_Scaffolds_Contract;SQL_STORED_PROCEDURE;dbo;Scaffolds_ContractDetails;NULL;NULL;Print
dbo;Print_Scaffolds_MinutesEnd;SQL_STORED_PROCEDURE;dbo;Item_Items;NULL;NULL;Print
dbo;Print_Scaffolds_MinutesEnd;SQL_STORED_PROCEDURE;dbo;Scaffolds_MinutesEnd;NULL;NULL;Print
dbo;Print_Scaffolds_MinutesEnd;SQL_STORED_PROCEDURE;dbo;Scaffolds_MinutesEndDetails;NULL;NULL;Print
dbo;Print_Scaffolds_MinutesStarted;SQL_STORED_PROCEDURE;dbo;Item_Items;NULL;NULL;Print
dbo;Print_Scaffolds_MinutesStarted;SQL_STORED_PROCEDURE;dbo;Scaffolds_MinutesStarted;NULL;NULL;Print
dbo;Print_Scaffolds_MinutesStarted;SQL_STORED_PROCEDURE;dbo;Scaffolds_MinutesStartedDetails;NULL;NULL;Print
dbo;Print_SearchAccountTranDetailsByCode;SQL_STORED_PROCEDURE;dbo;Account_Accounts;NULL;NULL;Print
dbo;Print_SearchAccountTranDetailsByCode;SQL_STORED_PROCEDURE;dbo;Account_Branch;NULL;NULL;Print
dbo;Print_SearchAccountTranDetailsByCode;SQL_STORED_PROCEDURE;dbo;RoundDividingData;NULL;NULL;Print
dbo;Print_SearchAccountTranDetailsByCode;SQL_STORED_PROCEDURE;dbo;Tran_Tran;NULL;NULL;Print
dbo;Print_SearchAccountTranDetailsByCode;SQL_STORED_PROCEDURE;dbo;Tran_TranDetails;NULL;NULL;Print
dbo;Print_SearchAccountTranTempDetailsByCode;SQL_STORED_PROCEDURE;dbo;Account_Accounts;NULL;NULL;Print
dbo;Print_SearchAccountTranTempDetailsByCode;SQL_STORED_PROCEDURE;dbo;Account_Branch;NULL;NULL;Print
dbo;Print_SearchAccountTranTempDetailsByCode;SQL_STORED_PROCEDURE;dbo;RoundDividingData;NULL;NULL;Print
dbo;Print_SearchAccountTranTempDetailsByCode;SQL_STORED_PROCEDURE;dbo;Tran_TranTempDetails;NULL;NULL;Print
dbo;Processing_OF_Profits;SQL_STORED_PROCEDURE;NULL;Get_Averg_AllItems;NULL;NULL;Processing
dbo;Processing_OF_Profits;SQL_STORED_PROCEDURE;dbo;Item_Items;NULL;NULL;Processing
dbo;Processing_OF_Profits;SQL_STORED_PROCEDURE;dbo;Order_Orders;NULL;NULL;Processing
dbo;Processing_OF_Profits;SQL_STORED_PROCEDURE;dbo;Order_OrdersDetails;NULL;NULL;Processing
dbo;ProfitAndLoss;SQL_SCALAR_FUNCTION;dbo;Account_Accounts;NULL;NULL;ProfitAndLoss
dbo;ProfitAndLoss;SQL_SCALAR_FUNCTION;dbo;TempTranMaterDetails;NULL;NULL;ProfitAndLoss
dbo;ProfitAndLossAll;SQL_SCALAR_FUNCTION;dbo;Account_Accounts;NULL;NULL;ProfitAndLossAll
dbo;ProfitAndLossAll;SQL_SCALAR_FUNCTION;dbo;TempTranMaterDetails;NULL;NULL;ProfitAndLossAll
dbo;RebuildCGEAllIndexes;SQL_STORED_PROCEDURE;dbo;RebuildAllIndexes;NULL;NULL;RebuildCGEAllIndexes
dbo;RepairDB;SQL_STORED_PROCEDURE;dbo;Item_Items;NULL;NULL;RepairDB
dbo;RepairDB;SQL_STORED_PROCEDURE;dbo;Order_OrdersDetails;NULL;NULL;RepairDB
dbo;RepairDB;SQL_STORED_PROCEDURE;dbo;Order_Purchases;NULL;NULL;RepairDB
dbo;Report_AllOrdersCheckOut;SQL_STORED_PROCEDURE;dbo;Order_CheckoutOrders;NULL;NULL;Report
dbo;Report_AllOrdersCheckOut;SQL_STORED_PROCEDURE;dbo;Order_Orders;NULL;NULL;Report
dbo;Report_CloseDayByUser;SQL_STORED_PROCEDURE;dbo;User_DayClose;NULL;NULL;Report
dbo;Report_CloseDayByUser;SQL_STORED_PROCEDURE;dbo;User_Login;NULL;NULL;Report
dbo;Report_DailyOrderByDate;SQL_STORED_PROCEDURE;dbo;Order_OrderReturn;NULL;NULL;Report
dbo;Report_DailyOrderByDate;SQL_STORED_PROCEDURE;dbo;Order_Orders;NULL;NULL;Report
dbo;Report_DailyOrderByDate;SQL_STORED_PROCEDURE;dbo;RoundDividingData;NULL;NULL;Report
dbo;ReportMizanCustSupp;SQL_STORED_PROCEDURE;dbo;Account_Accounts;NULL;NULL;Report
dbo;ReportMizanCustSupp;SQL_STORED_PROCEDURE;dbo;Tran_Tran;NULL;NULL;Report
dbo;ReportMizanCustSupp;SQL_STORED_PROCEDURE;dbo;Tran_TranDetails;NULL;NULL;Report
dbo;RoundByBranch;SQL_SCALAR_FUNCTION;dbo;Get_Currency_Dividing;NULL;NULL;RoundByBranch
dbo;RoundDividingData;SQL_SCALAR_FUNCTION;dbo;Get_Currency_Dividing;NULL;NULL;RoundDividingData
dbo;SearchNameCus_Sup;SQL_STORED_PROCEDURE;dbo;Account_CustSup;NULL;NULL;SearchNameCus
dbo;Select_Account_CusTailor;SQL_STORED_PROCEDURE;dbo;Account_CustSup;NULL;NULL;Select
dbo;Select_Account_CusTailor;SQL_STORED_PROCEDURE;dbo;Account_CustTailor;NULL;NULL;Select
dbo;Select_AccountCustomer;SQL_STORED_PROCEDURE;dbo;Account_CustSup;NULL;NULL;Select
dbo;Select_AccountCustomer;SQL_STORED_PROCEDURE;dbo;Account_DefualtCustomer;NULL;NULL;Select
dbo;Select_AccountDefualt;SQL_STORED_PROCEDURE;dbo;Account_Accounts;NULL;NULL;Select
dbo;Select_AccountDefualt;SQL_STORED_PROCEDURE;dbo;Account_DefualtAccount2;NULL;NULL;Select
dbo;Select_BarCode;SQL_STORED_PROCEDURE;dbo;Item_Company;NULL;NULL;Select
dbo;Select_BarCode;SQL_STORED_PROCEDURE;dbo;Item_Items;NULL;NULL;Select
dbo;Select_BarCode;SQL_STORED_PROCEDURE;dbo;TblSetting;NULL;NULL;Select
dbo;Select_BarCodeExpireOpenQuantity;SQL_STORED_PROCEDURE;dbo;Item_Company;NULL;NULL;Select
dbo;Select_BarCodeExpireOpenQuantity;SQL_STORED_PROCEDURE;dbo;Item_Items;NULL;NULL;Select
dbo;Select_BarCodeExpireOpenQuantity;SQL_STORED_PROCEDURE;dbo;Order_OpenQuantityDetails;NULL;NULL;Select
dbo;Select_BarCodePurchase;SQL_STORED_PROCEDURE;dbo;Item_Company;NULL;NULL;Select
dbo;Select_BarCodePurchase;SQL_STORED_PROCEDURE;dbo;Item_Items;NULL;NULL;Select
dbo;Select_BarCodePurchase;SQL_STORED_PROCEDURE;dbo;Order_PurchasesDetails;NULL;NULL;Select
dbo;Select_Car_Receive;SQL_STORED_PROCEDURE;dbo;Account_CustSup;NULL;NULL;Select
dbo;Select_Car_Receive;SQL_STORED_PROCEDURE;dbo;Car_Receive;NULL;NULL;Select
dbo;Select_Car_Receive;SQL_STORED_PROCEDURE;dbo;Contract_Bounce;NULL;NULL;Select
dbo;Select_Contract_Contract;SQL_STORED_PROCEDURE;dbo;Contract_Contract;NULL;NULL;Select
dbo;SELECT_Contract_EJAR;SQL_STORED_PROCEDURE;dbo;Contract_EJAR;NULL;NULL;SELECT
dbo;SELECT_Contract_EJAR_Search;SQL_STORED_PROCEDURE;dbo;Contract_EJAR;NULL;NULL;SELECT
dbo;Select_Contract_Guarantee;SQL_STORED_PROCEDURE;dbo;Contract_Guarantee;NULL;NULL;Select
dbo;Select_ItemQuantity;SQL_STORED_PROCEDURE;dbo;Account_Stores;NULL;NULL;Select
dbo;Select_ItemQuantity;SQL_STORED_PROCEDURE;dbo;Item_Company;NULL;NULL;Select
dbo;Select_ItemQuantity;SQL_STORED_PROCEDURE;dbo;Item_Groups;NULL;NULL;Select
dbo;Select_ItemQuantity;SQL_STORED_PROCEDURE;dbo;Item_Groups;NULL;NULL;Select
dbo;Select_ItemQuantity;SQL_STORED_PROCEDURE;dbo;Item_Items;NULL;NULL;Select
dbo;Select_ItemQuantity;SQL_STORED_PROCEDURE;dbo;Item_Type;NULL;NULL;Select
dbo;Select_ItemQuantity;SQL_STORED_PROCEDURE;dbo;Item_Unit;NULL;NULL;Select
dbo;Select_ItemQuantity;SQL_STORED_PROCEDURE;dbo;ItemQuantity;NULL;NULL;Select
dbo;Select_ItemQuantity;SQL_STORED_PROCEDURE;dbo;RoundDividingData;NULL;NULL;Select
dbo;Select_ItemQuantity_ByProperties;SQL_STORED_PROCEDURE;dbo;Account_Stores;NULL;NULL;Select
dbo;Select_ItemQuantity_ByProperties;SQL_STORED_PROCEDURE;dbo;Item_Class;NULL;NULL;Select
dbo;Select_ItemQuantity_ByProperties;SQL_STORED_PROCEDURE;dbo;Item_Company;NULL;NULL;Select
dbo;Select_ItemQuantity_ByProperties;SQL_STORED_PROCEDURE;dbo;Item_Groups;NULL;NULL;Select
dbo;Select_ItemQuantity_ByProperties;SQL_STORED_PROCEDURE;dbo;Item_Groups;NULL;NULL;Select
dbo;Select_ItemQuantity_ByProperties;SQL_STORED_PROCEDURE;dbo;Item_Items;NULL;NULL;Select
dbo;Select_ItemQuantity_ByProperties;SQL_STORED_PROCEDURE;dbo;Item_Type;NULL;NULL;Select
dbo;Select_ItemQuantity_ByProperties;SQL_STORED_PROCEDURE;dbo;Item_Unit;NULL;NULL;Select
dbo;Select_ItemQuantity_ByProperties;SQL_STORED_PROCEDURE;dbo;ItemQuantity;NULL;NULL;Select
dbo;Select_ItemQuantity_ByProperties;SQL_STORED_PROCEDURE;dbo;RoundDividingData;NULL;NULL;Select
dbo;Select_ItemQuantity_Only;SQL_STORED_PROCEDURE;dbo;Account_Stores;NULL;NULL;Select
dbo;Select_ItemQuantity_Only;SQL_STORED_PROCEDURE;dbo;Item_Groups;NULL;NULL;Select
dbo;Select_ItemQuantity_Only;SQL_STORED_PROCEDURE;dbo;Item_Items;NULL;NULL;Select
dbo;Select_ItemQuantity_Only;SQL_STORED_PROCEDURE;dbo;Item_Unit;NULL;NULL;Select
dbo;Select_ItemQuantity_Only;SQL_STORED_PROCEDURE;dbo;ItemQuantity;NULL;NULL;Select
dbo;Select_ItemQuantity_Only;SQL_STORED_PROCEDURE;dbo;RoundDividingData;NULL;NULL;Select
dbo;Select_Order_CheckoutOrders;SQL_STORED_PROCEDURE;dbo;Account_AccountType;NULL;NULL;Select
dbo;Select_Order_CheckoutOrders;SQL_STORED_PROCEDURE;dbo;Order_CheckoutOrders;NULL;NULL;Select
dbo;Select_Order_InventorySettlementMinus;SQL_STORED_PROCEDURE;dbo;Order_InventorySettlementMinus;NULL;NULL;Select
dbo;Select_Order_Manufacturing;SQL_STORED_PROCEDURE;dbo;Order_Manufacturing;NULL;NULL;Select
dbo;Select_Order_ManufacturingOrder;SQL_STORED_PROCEDURE;dbo;Order_ManufacturingOrder;NULL;NULL;Select
dbo;Select_Order_OpenQuantity;SQL_STORED_PROCEDURE;dbo;Order_OpenQuantity;NULL;NULL;Select
dbo;Select_Order_OrderReturn;SQL_STORED_PROCEDURE;dbo;Account_AccountType;NULL;NULL;Select
dbo;Select_Order_OrderReturn;SQL_STORED_PROCEDURE;dbo;Order_OrderReturn;NULL;NULL;Select
dbo;Select_Order_Orders;SQL_STORED_PROCEDURE;dbo;Account_AccountType;NULL;NULL;Select
dbo;Select_Order_Orders;SQL_STORED_PROCEDURE;dbo;Halls;NULL;NULL;Select
dbo;Select_Order_Orders;SQL_STORED_PROCEDURE;dbo;Order_Orders;NULL;NULL;Select
dbo;Select_Order_Orders;SQL_STORED_PROCEDURE;dbo;Order_Reservations;NULL;NULL;Select
dbo;Select_Order_Orders;SQL_STORED_PROCEDURE;dbo;RoundDividingData;NULL;NULL;Select
dbo;Select_Order_OrdersDraft;SQL_STORED_PROCEDURE;dbo;Account_AccountType;NULL;NULL;Select
dbo;Select_Order_OrdersDraft;SQL_STORED_PROCEDURE;dbo;Halls;NULL;NULL;Select
dbo;Select_Order_OrdersDraft;SQL_STORED_PROCEDURE;dbo;Order_OrdersDraft;NULL;NULL;Select
dbo;Select_Order_OrdersDraft;SQL_STORED_PROCEDURE;dbo;Order_Reservations;NULL;NULL;Select
dbo;Select_Order_OrdersDraft;SQL_STORED_PROCEDURE;dbo;RoundDividingData;NULL;NULL;Select
dbo;Select_Order_PaymentItem;SQL_STORED_PROCEDURE;dbo;Order_PaymentItem;NULL;NULL;Select
dbo;Select_Order_PriceOffer;SQL_STORED_PROCEDURE;dbo;Account_AccountType;NULL;NULL;Select
dbo;Select_Order_PriceOffer;SQL_STORED_PROCEDURE;dbo;Halls;NULL;NULL;Select
dbo;Select_Order_PriceOffer;SQL_STORED_PROCEDURE;dbo;Order_PriceOffer;NULL;NULL;Select
dbo;Select_Order_PriceOffer;SQL_STORED_PROCEDURE;dbo;PriceOffer_Reservations;NULL;NULL;Select
dbo;Select_Order_Purchases;SQL_STORED_PROCEDURE;dbo;Account_AccountType;NULL;NULL;Select
dbo;Select_Order_Purchases;SQL_STORED_PROCEDURE;dbo;Order_Purchases;NULL;NULL;Select
dbo;Select_Order_Purchases;SQL_STORED_PROCEDURE;dbo;RoundDividingData;NULL;NULL;Select
dbo;Select_Order_PurchasesOrder;SQL_STORED_PROCEDURE;dbo;Account_AccountType;NULL;NULL;Select
dbo;Select_Order_PurchasesOrder;SQL_STORED_PROCEDURE;dbo;Order_PurchasesOrder;NULL;NULL;Select
dbo;Select_Order_PurchasesReturn;SQL_STORED_PROCEDURE;dbo;Account_AccountType;NULL;NULL;Select
dbo;Select_Order_PurchasesReturn;SQL_STORED_PROCEDURE;dbo;Order_PurchasesReturn;NULL;NULL;Select
dbo;Select_Order_RecItem;SQL_STORED_PROCEDURE;dbo;Order_RecItem;NULL;NULL;Select
dbo;Select_Order_Reservation;SQL_STORED_PROCEDURE;dbo;Account_CustSup;NULL;NULL;Select
dbo;Select_Order_Reservation;SQL_STORED_PROCEDURE;dbo;Order_Reservation;NULL;NULL;Select
dbo;Select_Order_StoreTransfer;SQL_STORED_PROCEDURE;dbo;Account_Stores;NULL;NULL;Select
dbo;Select_Order_StoreTransfer;SQL_STORED_PROCEDURE;dbo;Order_StoreTransfer;NULL;NULL;Select
dbo;Select_Order_Transfer_Master;SQL_STORED_PROCEDURE;dbo;Account_AccountType;NULL;NULL;Select
dbo;Select_Order_Transfer_Master;SQL_STORED_PROCEDURE;dbo;Account_Branch;NULL;NULL;Select
dbo;Select_Order_Transfer_Master;SQL_STORED_PROCEDURE;dbo;Order_Transfer_Master;NULL;NULL;Select
dbo;Select_Order_Transfer_Master;SQL_STORED_PROCEDURE;dbo;Order_Transfer_StatusType;NULL;NULL;Select
dbo;Select_Order_Transfer_Master;SQL_STORED_PROCEDURE;dbo;Order_Transfer_TrackingType;NULL;NULL;Select
dbo;Select_Order_TransferFromBranch;SQL_STORED_PROCEDURE;dbo;Account_AccountType;NULL;NULL;Select
dbo;Select_Order_TransferFromBranch;SQL_STORED_PROCEDURE;dbo;Order_TransferFromBranch;NULL;NULL;Select
dbo;Select_Order_TransferToBranch;SQL_STORED_PROCEDURE;dbo;Account_AccountType;NULL;NULL;Select
dbo;Select_Order_TransferToBranch;SQL_STORED_PROCEDURE;dbo;Order_TransferToBranch;NULL;NULL;Select
dbo;Select_OrderDalala_Dalala;SQL_STORED_PROCEDURE;dbo;Account_AccountType;NULL;NULL;Select
dbo;Select_OrderDalala_Dalala;SQL_STORED_PROCEDURE;dbo;OrderDalala_Dalala;NULL;NULL;Select
dbo;Select_OrderDalala_Sending;SQL_STORED_PROCEDURE;dbo;OrderDalala_Sending;NULL;NULL;Select
dbo;Select_OrderGard;SQL_STORED_PROCEDURE;dbo;Account_Stores;NULL;NULL;Select
dbo;Select_OrderGard;SQL_STORED_PROCEDURE;dbo;Item_Items;NULL;NULL;Select
dbo;Select_OrderGard;SQL_STORED_PROCEDURE;dbo;Order_GardDetails;NULL;NULL;Select
dbo;Select_OrderRent_Rent;SQL_STORED_PROCEDURE;dbo;OrderRent_Recipt;NULL;NULL;Select
dbo;Select_OrderRent_Rent;SQL_STORED_PROCEDURE;dbo;OrderRent_Rent;NULL;NULL;Select
dbo;Select_Remember;SQL_STORED_PROCEDURE;dbo;TblRemember;NULL;NULL;Select
dbo;Select_Scaffold_EntryPermission;SQL_STORED_PROCEDURE;dbo;Scaffold_EntryPermission;NULL;NULL;Select
dbo;Select_Scaffold_ExitPermission;SQL_STORED_PROCEDURE;dbo;Scaffold_ExitPermission;NULL;NULL;Select
dbo;Select_scaffold_PriceOffer;SQL_STORED_PROCEDURE;dbo;scaffold_PriceOffer;NULL;NULL;Select
dbo;Select_Scaffolds_Contract;SQL_STORED_PROCEDURE;dbo;Scaffolds_Contract;NULL;NULL;Select
dbo;Select_Scaffolds_ContractNotMinutesStarted;SQL_STORED_PROCEDURE;dbo;Scaffolds_Contract;NULL;NULL;Select
dbo;Select_Scaffolds_ContractNotMinutesStarted;SQL_STORED_PROCEDURE;dbo;Scaffolds_MinutesStarted;NULL;NULL;Select
dbo;Select_Scaffolds_MinutesEnd;SQL_STORED_PROCEDURE;dbo;Scaffolds_MinutesEnd;NULL;NULL;Select
dbo;Select_Scaffolds_MinutesStarted;SQL_STORED_PROCEDURE;dbo;Scaffolds_MinutesStarted;NULL;NULL;Select
dbo;Select_Search_Account_Receipts;SQL_STORED_PROCEDURE;dbo;Account_Accounts;NULL;NULL;Select
dbo;Select_Search_Account_Receipts;SQL_STORED_PROCEDURE;dbo;Account_Branch;NULL;NULL;Select
dbo;Select_Search_Account_Receipts;SQL_STORED_PROCEDURE;dbo;Account_Receipts;NULL;NULL;Select
dbo;Select_Search_Account_Receipts;SQL_STORED_PROCEDURE;dbo;Account_ReceiptsDetails;NULL;NULL;Select
dbo;Select_Search_Account_Receipts;SQL_STORED_PROCEDURE;dbo;CashReceiptsType;NULL;NULL;Select
dbo;Select_SearchAccount;SQL_STORED_PROCEDURE;dbo;Account_Accounts;NULL;NULL;Select
dbo;Select_SearchAccount;SQL_STORED_PROCEDURE;dbo;Account_Type;NULL;NULL;Select
dbo;Select_SearchAccount_ByAccountNumber;SQL_STORED_PROCEDURE;dbo;Account_Accounts;NULL;NULL;Select
dbo;Select_SearchAccount_ByAccountNumber;SQL_STORED_PROCEDURE;dbo;Account_Type;NULL;NULL;Select
dbo;Select_SearchAccountCostCenter;SQL_STORED_PROCEDURE;dbo;Account_CostCenters;NULL;NULL;Select
dbo;Select_SearchAccountCostCenterAll;SQL_STORED_PROCEDURE;dbo;Account_CostCenters;NULL;NULL;Select
dbo;Select_SearchAccountCostCenterByProject;SQL_STORED_PROCEDURE;dbo;Account_CostCenters;NULL;NULL;Select
dbo;Select_SearchAccountCostCenterByProject;SQL_STORED_PROCEDURE;dbo;Account_ProjectsDetails;NULL;NULL;Select
dbo;Select_SearchAccountProjects;SQL_STORED_PROCEDURE;dbo;Account_Projects;NULL;NULL;Select
dbo;Select_SearchAccountReceipt;SQL_STORED_PROCEDURE;dbo;Account_Accounts;NULL;NULL;Select
dbo;Select_SearchAccountReceipt;SQL_STORED_PROCEDURE;dbo;Account_Type;NULL;NULL;Select
dbo;Select_SearchAccountReceiptForAccountTree;SQL_STORED_PROCEDURE;dbo;Account_Accounts;NULL;NULL;Select
dbo;Select_SearchAccountReceiptForAccountTree;SQL_STORED_PROCEDURE;dbo;Account_Type;NULL;NULL;Select
dbo;Select_SearchAccountTran;SQL_STORED_PROCEDURE;dbo;Account_Branch;NULL;NULL;Select
dbo;Select_SearchAccountTran;SQL_STORED_PROCEDURE;dbo;Tran_Tran;NULL;NULL;Select
dbo;Select_SearchAccountTran;SQL_STORED_PROCEDURE;dbo;Tran_TranDetails;NULL;NULL;Select
dbo;Select_SearchAccountTranDetailsByCode;SQL_STORED_PROCEDURE;dbo;Tran_TranDetails;NULL;NULL;Select
dbo;Select_SearchAccountTranTemp;SQL_STORED_PROCEDURE;dbo;Account_Branch;NULL;NULL;Select
dbo;Select_SearchAccountTranTemp;SQL_STORED_PROCEDURE;dbo;Tran_TranTemp;NULL;NULL;Select
dbo;Select_SearchAccountTranTempDetailsByCode;SQL_STORED_PROCEDURE;dbo;Tran_TranTempDetails;NULL;NULL;Select
dbo;Select_Virgins;SQL_STORED_PROCEDURE;dbo;Account_CustSup;NULL;NULL;Select
dbo;Select_Virgins;SQL_STORED_PROCEDURE;dbo;User_Login;NULL;NULL;Select
dbo;Select_Virgins;SQL_STORED_PROCEDURE;dbo;Virg_Company;NULL;NULL;Select
dbo;Select_Virgins;SQL_STORED_PROCEDURE;dbo;Virg_Master;NULL;NULL;Select
dbo;Select_Virgins;SQL_STORED_PROCEDURE;dbo;Virg_MasterDetails;NULL;NULL;Select
dbo;Select_Virgins;SQL_STORED_PROCEDURE;dbo;Virg_Type;NULL;NULL;Select
dbo;Select_Virgins;SQL_STORED_PROCEDURE;dbo;Virg_Virgins;NULL;NULL;Select
dbo;SetActivate;SQL_STORED_PROCEDURE;dbo;TblSetting;NULL;NULL;SetActivate
dbo;SetBudgetBalanceFirst;SQL_SCALAR_FUNCTION;dbo;ufn_FindReports;NULL;NULL;SetBudgetBalanceFirst
dbo;SetBudgetBalanceFirst;SQL_SCALAR_FUNCTION;dbo;View_Budget_TempTranMaterDetails;NULL;NULL;SetBudgetBalanceFirst
dbo;SetBudgetBalanceFirstAll;SQL_SCALAR_FUNCTION;dbo;ufn_FindReports;NULL;NULL;SetBudgetBalanceFirstAll
dbo;SetBudgetBalanceFirstAll;SQL_SCALAR_FUNCTION;dbo;View_Budget_TempTranMaterDetails;NULL;NULL;SetBudgetBalanceFirstAll
dbo;SetBudgetBalanceLast;SQL_SCALAR_FUNCTION;dbo;ufn_FindReports;NULL;NULL;SetBudgetBalanceLast
dbo;SetBudgetBalanceLast;SQL_SCALAR_FUNCTION;dbo;View_Budget_TempTranMaterDetails;NULL;NULL;SetBudgetBalanceLast
dbo;SetBudgetBalanceLastAll;SQL_SCALAR_FUNCTION;dbo;ufn_FindReports;NULL;NULL;SetBudgetBalanceLastAll
dbo;SetBudgetBalanceLastAll;SQL_SCALAR_FUNCTION;dbo;View_Budget_TempTranMaterDetails;NULL;NULL;SetBudgetBalanceLastAll
dbo;SetBudgetBalanceMiddle;SQL_SCALAR_FUNCTION;dbo;ufn_FindReports;NULL;NULL;SetBudgetBalanceMiddle
dbo;SetBudgetBalanceMiddle;SQL_SCALAR_FUNCTION;dbo;View_Budget_TempTranMaterDetails;NULL;NULL;SetBudgetBalanceMiddle
dbo;SetBudgetBalanceMiddleAll;SQL_SCALAR_FUNCTION;dbo;ufn_FindReports;NULL;NULL;SetBudgetBalanceMiddleAll
dbo;SetBudgetBalanceMiddleAll;SQL_SCALAR_FUNCTION;dbo;View_Budget_TempTranMaterDetails;NULL;NULL;SetBudgetBalanceMiddleAll
dbo;SetCreditBalance;SQL_SCALAR_FUNCTION;dbo;TempTrialBalanceByTotal;NULL;NULL;SetCreditBalance
dbo;SetCreditBalance;SQL_SCALAR_FUNCTION;dbo;ufn_FindReports;NULL;NULL;SetCreditBalance
dbo;SetCreditBalance;SQL_SCALAR_FUNCTION;dbo;ViewAccountsLastLeve;NULL;NULL;SetCreditBalance
dbo;SetDebitBalance;SQL_SCALAR_FUNCTION;dbo;TempTrialBalanceByTotal;NULL;NULL;SetDebitBalance
dbo;SetDebitBalance;SQL_SCALAR_FUNCTION;dbo;ufn_FindReports;NULL;NULL;SetDebitBalance
dbo;SetDebitBalance;SQL_SCALAR_FUNCTION;dbo;ViewAccountsLastLeve;NULL;NULL;SetDebitBalance
dbo;SetPriv_CreditBalance;SQL_SCALAR_FUNCTION;dbo;TempTrialBalanceByTotal;NULL;NULL;SetPriv
dbo;SetPriv_CreditBalance;SQL_SCALAR_FUNCTION;dbo;ufn_FindReports;NULL;NULL;SetPriv
dbo;SetPriv_CreditBalance;SQL_SCALAR_FUNCTION;dbo;ViewAccountsLastLeve;NULL;NULL;SetPriv
dbo;SetPriv_DebitBalance;SQL_SCALAR_FUNCTION;dbo;TempTrialBalanceByTotal;NULL;NULL;SetPriv
dbo;SetPriv_DebitBalance;SQL_SCALAR_FUNCTION;dbo;ufn_FindReports;NULL;NULL;SetPriv
dbo;SetPriv_DebitBalance;SQL_SCALAR_FUNCTION;dbo;ViewAccountsLastLeve;NULL;NULL;SetPriv
dbo;ufn_FindReports;SQL_TABLE_VALUED_FUNCTION;dbo;Account_Accounts;NULL;NULL;ufn
dbo;UPDATE_ItemProfit;SQL_STORED_PROCEDURE;dbo;Item_Class;NULL;NULL;UPDATE
dbo;UPDATE_ItemProfit;SQL_STORED_PROCEDURE;dbo;Item_Company;NULL;NULL;UPDATE
dbo;UPDATE_ItemProfit;SQL_STORED_PROCEDURE;dbo;Item_Groups;NULL;NULL;UPDATE
dbo;UPDATE_ItemProfit;SQL_STORED_PROCEDURE;dbo;Item_Items;NULL;NULL;UPDATE
dbo;Update_OpenQuantity;SQL_STORED_PROCEDURE;NULL;Delete_Order_OpenQuantityDetails;NULL;NULL;Update
dbo;Update_OpenQuantity;SQL_STORED_PROCEDURE;NULL;Insert_OpenQuantityDetails;NULL;NULL;Update
dbo;Update_OpenQuantity;SQL_STORED_PROCEDURE;NULL;Items_OpenQuantity;NULL;NULL;Update
dbo;Update_OpenQuantity;SQL_STORED_PROCEDURE;dbo;Order_OpenQuantity;NULL;NULL;Update
dbo;Update_Order_Order_ALL;SQL_STORED_PROCEDURE;NULL;Items_Orders;NULL;NULL;Update
dbo;Update_Order_Order_ALL;SQL_STORED_PROCEDURE;dbo;Account_Accounts;NULL;NULL;Update
dbo;Update_Order_Order_ALL;SQL_STORED_PROCEDURE;dbo;Account_CustSup;NULL;NULL;Update
dbo;Update_Order_Order_ALL;SQL_STORED_PROCEDURE;dbo;Account_DefualtAccount2;NULL;NULL;Update
dbo;Update_Order_Order_ALL;SQL_STORED_PROCEDURE;dbo;Delete_Order_OrdersDetails;NULL;NULL;Update
dbo;Update_Order_Order_ALL;SQL_STORED_PROCEDURE;dbo;Delete_Tran_TranDetails;NULL;NULL;Update
dbo;Update_Order_Order_ALL;SQL_STORED_PROCEDURE;dbo;Insert_Order_OrdersDetails;NULL;NULL;Update
dbo;Update_Order_Order_ALL;SQL_STORED_PROCEDURE;dbo;INSERT_Tran_TranDetails;NULL;NULL;Update
dbo;Update_Order_Order_ALL;SQL_STORED_PROCEDURE;dbo;Order_Orders;NULL;NULL;Update
dbo;Update_Order_Order_ALL;SQL_STORED_PROCEDURE;dbo;Update_Tran_Tran;NULL;NULL;Update
dbo;Update_Order_Order_ALL_Draft;SQL_STORED_PROCEDURE;NULL;Items_Orders;NULL;NULL;Update
dbo;Update_Order_Order_ALL_Draft;SQL_STORED_PROCEDURE;dbo;Account_DefualtAccount2;NULL;NULL;Update
dbo;Update_Order_Order_ALL_Draft;SQL_STORED_PROCEDURE;dbo;Delete_Order_OrdersDetailsDraft;NULL;NULL;Update
dbo;Update_Order_Order_ALL_Draft;SQL_STORED_PROCEDURE;dbo;Insert_Order_OrdersDetailsDraft;NULL;NULL;Update
dbo;Update_Order_Order_ALL_Draft;SQL_STORED_PROCEDURE;dbo;Order_Orders;NULL;NULL;Update
dbo;Update_Order_Order_ALL_Draft;SQL_STORED_PROCEDURE;dbo;Order_OrdersDraft;NULL;NULL;Update
dbo;Update_Order_Order_ALL2;SQL_STORED_PROCEDURE;NULL;Items_Orders;NULL;NULL;Update
dbo;Update_Order_Order_ALL2;SQL_STORED_PROCEDURE;dbo;Account_Accounts;NULL;NULL;Update
dbo;Update_Order_Order_ALL2;SQL_STORED_PROCEDURE;dbo;Account_CustSup;NULL;NULL;Update
dbo;Update_Order_Order_ALL2;SQL_STORED_PROCEDURE;dbo;Account_DefualtAccount2;NULL;NULL;Update
dbo;Update_Order_Order_ALL2;SQL_STORED_PROCEDURE;dbo;Delete_Order_OrdersDetails;NULL;NULL;Update
dbo;Update_Order_Order_ALL2;SQL_STORED_PROCEDURE;dbo;Delete_Tran_TranDetails;NULL;NULL;Update
dbo;Update_Order_Order_ALL2;SQL_STORED_PROCEDURE;dbo;Insert_Order_OrdersDetails;NULL;NULL;Update
dbo;Update_Order_Order_ALL2;SQL_STORED_PROCEDURE;dbo;INSERT_Tran_TranDetails;NULL;NULL;Update
dbo;Update_Order_Order_ALL2;SQL_STORED_PROCEDURE;dbo;Order_Orders;NULL;NULL;Update
dbo;Update_Order_Order_ALL2;SQL_STORED_PROCEDURE;dbo;Update_Tran_Tran;NULL;NULL;Update
dbo;Update_Order_Purchases;SQL_STORED_PROCEDURE;NULL;Delete_Order_PurchasesDetails;NULL;NULL;Update
dbo;Update_Order_Purchases;SQL_STORED_PROCEDURE;NULL;Insert_Order_PurchasesDetails;NULL;NULL;Update
dbo;Update_Order_Purchases;SQL_STORED_PROCEDURE;NULL;Items_Purches;NULL;NULL;Update
dbo;Update_Order_Purchases;SQL_STORED_PROCEDURE;dbo;Account_Accounts;NULL;NULL;Update
dbo;Update_Order_Purchases;SQL_STORED_PROCEDURE;dbo;Account_CustSup;NULL;NULL;Update
dbo;Update_Order_Purchases;SQL_STORED_PROCEDURE;dbo;Account_DefualtAccount2;NULL;NULL;Update
dbo;Update_Order_Purchases;SQL_STORED_PROCEDURE;dbo;Delete_Tran_TranDetails;NULL;NULL;Update
dbo;Update_Order_Purchases;SQL_STORED_PROCEDURE;dbo;INSERT_Tran_TranDetails;NULL;NULL;Update
dbo;Update_Order_Purchases;SQL_STORED_PROCEDURE;dbo;Order_Purchases;NULL;NULL;Update
dbo;Update_Order_Purchases;SQL_STORED_PROCEDURE;dbo;Update_Tran_Tran;NULL;NULL;Update
dbo;Update_Order_Restaurant_B;SQL_STORED_PROCEDURE;NULL;Items_Orders_Restaurant;NULL;NULL;Update
dbo;Update_Order_Restaurant_B;SQL_STORED_PROCEDURE;NULL;Update_Room_A;NULL;NULL;Update
dbo;Update_Order_Restaurant_B;SQL_STORED_PROCEDURE;NULL;Update_Table_A;NULL;NULL;Update
dbo;Update_Order_Restaurant_B;SQL_STORED_PROCEDURE;dbo;Account_DefualtAccount2;NULL;NULL;Update
dbo;Update_Order_Restaurant_B;SQL_STORED_PROCEDURE;dbo;Delete_Tran_TranDetails;NULL;NULL;Update
dbo;Update_Order_Restaurant_B;SQL_STORED_PROCEDURE;dbo;Insert_Order_OrdersDetails_Restaurant_A;NULL;NULL;Update
dbo;Update_Order_Restaurant_B;SQL_STORED_PROCEDURE;dbo;Insert_Tran_Tran;NULL;NULL;Update
dbo;Update_Order_Restaurant_B;SQL_STORED_PROCEDURE;dbo;INSERT_Tran_TranDetails;NULL;NULL;Update
dbo;Update_Order_Restaurant_B;SQL_STORED_PROCEDURE;dbo;Order_Orders;NULL;NULL;Update
dbo;Update_Order_Restaurant_B;SQL_STORED_PROCEDURE;dbo;Tran_Tran;NULL;NULL;Update
dbo;Update_Order_Restaurant_B;SQL_STORED_PROCEDURE;dbo;Tran_TranDetails;NULL;NULL;Update
dbo;Update_Order_Restaurant_B;SQL_STORED_PROCEDURE;dbo;Update_Tran_Tran;NULL;NULL;Update
dbo;Update_Restaurant_Mahly;SQL_STORED_PROCEDURE;dbo;Account_DefualtAccount2;NULL;NULL;Update
dbo;Update_Restaurant_Mahly;SQL_STORED_PROCEDURE;dbo;Delete_Tran_TranDetails;NULL;NULL;Update
dbo;Update_Restaurant_Mahly;SQL_STORED_PROCEDURE;dbo;Insert_Tran_Tran;NULL;NULL;Update
dbo;Update_Restaurant_Mahly;SQL_STORED_PROCEDURE;dbo;INSERT_Tran_TranDetails;NULL;NULL;Update
dbo;Update_Restaurant_Mahly;SQL_STORED_PROCEDURE;dbo;Order_OrderReturn;NULL;NULL;Update
dbo;Update_Restaurant_Mahly;SQL_STORED_PROCEDURE;dbo;Order_Orders;NULL;NULL;Update
dbo;Update_Restaurant_Mahly;SQL_STORED_PROCEDURE;dbo;Restaurant_Room;NULL;NULL;Update
dbo;Update_Restaurant_Mahly;SQL_STORED_PROCEDURE;dbo;Restaurant_Table;NULL;NULL;Update
dbo;Update_Restaurant_Mahly;SQL_STORED_PROCEDURE;dbo;Tran_Tran;NULL;NULL;Update
dbo;Update_Restaurant_Mahly;SQL_STORED_PROCEDURE;dbo;Tran_TranDetails;NULL;NULL;Update
dbo;Update_Restaurant_Mahly;SQL_STORED_PROCEDURE;dbo;Update_Tran_Tran;NULL;NULL;Update
dbo;Update_Restaurant_Tawsel;SQL_STORED_PROCEDURE;dbo;Account_DefualtAccount2;NULL;NULL;Update
dbo;Update_Restaurant_Tawsel;SQL_STORED_PROCEDURE;dbo;Delete_Tran_TranDetails;NULL;NULL;Update
dbo;Update_Restaurant_Tawsel;SQL_STORED_PROCEDURE;dbo;INSERT_Tran_TranDetails;NULL;NULL;Update
dbo;Update_Restaurant_Tawsel;SQL_STORED_PROCEDURE;dbo;Order_Orders;NULL;NULL;Update
dbo;Update_Restaurant_Tawsel;SQL_STORED_PROCEDURE;dbo;Restaurant_Delivery;NULL;NULL;Update
dbo;Update_Restaurant_Tawsel;SQL_STORED_PROCEDURE;dbo;Tran_Tran;NULL;NULL;Update
dbo;Update_Room_A;SQL_STORED_PROCEDURE;dbo;Restaurant_Room;NULL;NULL;Update
dbo;Update_Table_A;SQL_STORED_PROCEDURE;dbo;Restaurant_Table;NULL;NULL;Update
dbo;Update_Tran_Tran;SQL_STORED_PROCEDURE;dbo;Tran_Tran;NULL;NULL;Update
dbo;UpdateCsr;SQL_STORED_PROCEDURE;dbo;TblSetting;NULL;NULL;UpdateCsr
dbo;UpdateCsr;SQL_STORED_PROCEDURE;dbo;User_Login;NULL;NULL;UpdateCsr
dbo;UpdateOrderCosts;SQL_STORED_PROCEDURE;dbo;Item_Items;NULL;NULL;UpdateOrderCosts
dbo;UpdateOrderCosts;SQL_STORED_PROCEDURE;dbo;Order_Orders;NULL;NULL;UpdateOrderCosts
dbo;UpdateOrderCosts;SQL_STORED_PROCEDURE;dbo;Order_OrdersDetails;NULL;NULL;UpdateOrderCosts
dbo;UpdateOrderCosts;SQL_STORED_PROCEDURE;dbo;Tran_Tran;NULL;NULL;UpdateOrderCosts
dbo;UpdateOrderCosts;SQL_STORED_PROCEDURE;dbo;Tran_TranDetails;NULL;NULL;UpdateOrderCosts
dbo;UpdateOrderCostsAll;SQL_STORED_PROCEDURE;dbo;Item_Items;NULL;NULL;UpdateOrderCostsAll
dbo;UpdateOrderCostsAll;SQL_STORED_PROCEDURE;dbo;Order_Orders;NULL;NULL;UpdateOrderCostsAll
dbo;UpdateOrderCostsAll;SQL_STORED_PROCEDURE;dbo;Order_OrdersDetails;NULL;NULL;UpdateOrderCostsAll
dbo;UpdateOrderCostsAll;SQL_STORED_PROCEDURE;dbo;Tran_Tran;NULL;NULL;UpdateOrderCostsAll
dbo;UpdateOrderCostsAll;SQL_STORED_PROCEDURE;dbo;Tran_TranDetails;NULL;NULL;UpdateOrderCostsAll
dbo;View_AccountsLastLeve;VIEW;dbo;Account_Accounts;NULL;NULL;View
dbo;View_AccountsLastLeve;VIEW;dbo;ViewAccount_Data;NULL;NULL;View
dbo;View_AccountYearEndClosing_Debit;VIEW;dbo;AccountYearEndClosing;NULL;NULL;View
dbo;View_Budget_Accounts;VIEW;dbo;Account_Accounts;NULL;NULL;View
dbo;View_Budget_Accounts;VIEW;dbo;GetBudgetBalance;NULL;NULL;View
dbo;View_Budget_Accounts;VIEW;dbo;GetParentPath;NULL;NULL;View
dbo;View_Budget_Accounts;VIEW;dbo;GetTreeNodeLevel;NULL;NULL;View
dbo;View_Budget_AccountsDataFun;SQL_TABLE_VALUED_FUNCTION;dbo;Account_Accounts;NULL;NULL;View
dbo;View_Budget_AccountsDataFun;SQL_TABLE_VALUED_FUNCTION;dbo;GetBudgetBalance;NULL;NULL;View
dbo;View_Budget_AccountsDataFun;SQL_TABLE_VALUED_FUNCTION;dbo;GetParentPath;NULL;NULL;View
dbo;View_Budget_AccountsDataFun;SQL_TABLE_VALUED_FUNCTION;dbo;GetTreeNodeLevel;NULL;NULL;View
dbo;View_Budget_AccountsDataFunAll;SQL_TABLE_VALUED_FUNCTION;dbo;Account_Accounts;NULL;NULL;View
dbo;View_Budget_AccountsDataFunAll;SQL_TABLE_VALUED_FUNCTION;dbo;GetBudgetBalanceAll;NULL;NULL;View
dbo;View_Budget_AccountsDataFunAll;SQL_TABLE_VALUED_FUNCTION;dbo;GetParentPath;NULL;NULL;View
dbo;View_Budget_AccountsDataFunAll;SQL_TABLE_VALUED_FUNCTION;dbo;GetTreeNodeLevel;NULL;NULL;View
dbo;View_Budget_TempTranMaterDetails;VIEW;dbo;Account_Accounts;NULL;NULL;View
dbo;View_Budget_TempTranMaterDetails;VIEW;dbo;GetParentPath;NULL;NULL;View
dbo;View_Budget_TempTranMaterDetails;VIEW;dbo;TempBudget;NULL;NULL;View
dbo;View_Distinct_AccountSn_TempTran;VIEW;dbo;GetTreeNodeLevel;NULL;NULL;View
dbo;View_Distinct_AccountSn_TempTran;VIEW;dbo;TempTranMaterDetails;NULL;NULL;View
dbo;View_New_CostCenter;VIEW;dbo;Account_CostCenters;NULL;NULL;View
dbo;View_New_CostCenter;VIEW;dbo;ViewTranCostCenters;NULL;NULL;View
dbo;View_Temp_Acc_Budget;VIEW;dbo;TempBudget;NULL;NULL;View
dbo;View_TempTranMaterDetails;VIEW;dbo;Temp_Accounts;NULL;NULL;View
dbo;View_TempTranMaterDetails;VIEW;dbo;TempTranMaterDetails;NULL;NULL;View
dbo;View_TranDetails;VIEW;dbo;Account_Accounts;NULL;NULL;View
dbo;View_TranDetails;VIEW;dbo;Tran_Tran;NULL;NULL;View
dbo;View_TranDetails;VIEW;dbo;Tran_TranDetails;NULL;NULL;View
dbo;View_TrialBalance;VIEW;dbo;TempTranMaterDetails;NULL;NULL;View
dbo;View_TrialBalanceByTotal;VIEW;dbo;SetCreditBalance;NULL;NULL;View
dbo;View_TrialBalanceByTotal;VIEW;dbo;SetDebitBalance;NULL;NULL;View
dbo;View_TrialBalanceByTotal;VIEW;dbo;SetPriv_CreditBalance;NULL;NULL;View
dbo;View_TrialBalanceByTotal;VIEW;dbo;SetPriv_DebitBalance;NULL;NULL;View
dbo;View_TrialBalanceByTotal;VIEW;dbo;View_Distinct_AccountSn_TempTran;NULL;NULL;View
dbo;ViewAccount_Data;VIEW;dbo;Account_Accounts;NULL;NULL;ViewAccount
dbo;ViewAccount_Data;VIEW;dbo;Account_Final;NULL;NULL;ViewAccount
dbo;ViewAccount_Data;VIEW;dbo;Account_Nature;NULL;NULL;ViewAccount
dbo;ViewAccount_Data;VIEW;dbo;Account_Suspended;NULL;NULL;ViewAccount
dbo;ViewAccount_Data;VIEW;dbo;Account_Type;NULL;NULL;ViewAccount
dbo;ViewAccount_Data;VIEW;dbo;CleanField;NULL;NULL;ViewAccount
dbo;ViewAccount_Data;VIEW;dbo;GetParentPath;NULL;NULL;ViewAccount
dbo;ViewAccount_Data;VIEW;dbo;Tran_TranDetails;NULL;NULL;ViewAccount
dbo;ViewAccount_Data_Tree;VIEW;dbo;Account_Accounts;NULL;NULL;ViewAccount
dbo;ViewAccount_Data_Tree;VIEW;dbo;Account_Final;NULL;NULL;ViewAccount
dbo;ViewAccount_Data_Tree;VIEW;dbo;Account_Nature;NULL;NULL;ViewAccount
dbo;ViewAccount_Data_Tree;VIEW;dbo;Account_Suspended;NULL;NULL;ViewAccount
dbo;ViewAccount_Data_Tree;VIEW;dbo;Account_Type;NULL;NULL;ViewAccount
dbo;ViewAccount_Data_Tree;VIEW;dbo;GetParentPath;NULL;NULL;ViewAccount
dbo;ViewAccountsLastLeve;VIEW;dbo;Account_Accounts;NULL;NULL;ViewAccountsLastLeve
dbo;ViewAccountsLastLeve;VIEW;dbo;ViewAccount_Data;NULL;NULL;ViewAccountsLastLeve
dbo;ViewCostCenters_Data_Tree;VIEW;dbo;Account_CostCenters;NULL;NULL;ViewCostCenters
dbo;ViewTran_TranDetails;VIEW;dbo;Account_Accounts;NULL;NULL;ViewTran
dbo;ViewTran_TranDetails;VIEW;dbo;Account_CostCenters;NULL;NULL;ViewTran
dbo;ViewTran_TranDetails;VIEW;dbo;CleanField;NULL;NULL;ViewTran
dbo;ViewTran_TranDetails;VIEW;dbo;Tran_Tran;NULL;NULL;ViewTran
dbo;ViewTran_TranDetails;VIEW;dbo;Tran_TranDetails;NULL;NULL;ViewTran
dbo;ViewTran_TranDetails;VIEW;dbo;Tran_Type;NULL;NULL;ViewTran
dbo;ViewTranCostCenters;VIEW;dbo;Tran_TranDetails;NULL;NULL;ViewTranCostCenters
dbo;ViewTranMaterDetails;VIEW;dbo;Account_Accounts;NULL;NULL;ViewTranMaterDetails
dbo;ViewTranMaterDetails;VIEW;dbo;Account_CostCenters;NULL;NULL;ViewTranMaterDetails
dbo;ViewTranMaterDetails;VIEW;dbo;CleanField;NULL;NULL;ViewTranMaterDetails
dbo;ViewTranMaterDetails;VIEW;dbo;GetTranBalnce;NULL;NULL;ViewTranMaterDetails
dbo;ViewTranMaterDetails;VIEW;dbo;Subtraction;NULL;NULL;ViewTranMaterDetails
dbo;ViewTranMaterDetails;VIEW;dbo;Tran_Tran;NULL;NULL;ViewTranMaterDetails
dbo;ViewTranMaterDetails;VIEW;dbo;Tran_TranDetails;NULL;NULL;ViewTranMaterDetails
dbo;ViewTranMaterDetails;VIEW;dbo;Tran_Type;NULL;NULL;ViewTranMaterDetails
